Timestamp,AP MAC,Zone,AP Group,Last Seen,Status (connectionState),Radio Mode (GHz),rssi,snr,Tx Traffic (MB),Rx Traffic (MB),Overall_Traffic
05-11-2023 18:31,80:03:84:19:D8:60,PN International,e39246bd-e182-48ac-b5fd-6850953f839d,1.7072E+12,Connect,2.4 GHz,-60.16666667,22.83333333,37.49083805,332.1028471,369.5936852
05-11-2023 18:31,80:03:84:19:D8:60,PN International,e39246bd-e182-48ac-b5fd-6850953f839d,1.7072E+12,Connect,5 GHz,-78,12,11.79074287,86.00689793,97.7976408
05-11-2023 18:31,80:BC:37:04:E4:A0,Grand Venice Mall,d8a1e2d2-1a9d-46ed-81b0-4068a7b3d56a,1.7072E+12,Connect,2.4 GHz,-72,14,0.010786057,0.583148956,0.593935013
05-11-2023 18:31,80:BC:37:06:CB:40,Grand Venice Mall,d8a1e2d2-1a9d-46ed-81b0-4068a7b3d56a,1.7072E+12,Connect,5 GHz,-75.5,14.5,0.020734787,0.385467529,0.406202316
05-11-2023 18:31,80:BC:37:06:E4:70,Grand Venice Mall,d8a1e2d2-1a9d-46ed-81b0-4068a7b3d56a,1.7072E+12,Connect,5 GHz,-83,8,0.021203041,0.041768074,0.062971115
05-11-2023 18:31,80:BC:37:0B:9C:C0,"Advantage Club Technologies Inc,",8da9e96e-f412-4bdf-aeac-7bf6e85f3252,1.7072E+12,Connect,2.4 GHz,-86,0,0,51.37679768,51.37679768
05-11-2023 18:31,80:BC:37:0B:C4:30,Jain Kanakpura,83d14bd4-ca67-4ab4-b946-42a15693e1dc,1.7072E+12,Connect,5 GHz,-80,9,0.100889206,3.632068634,3.73295784
05-11-2023 18:31,80:BC:37:0B:C5:60,Jain Kanakpura,83d14bd4-ca67-4ab4-b946-42a15693e1dc,1.7072E+12,Connect,2.4 GHz,-63.5,24.5,6.840257645,63.28003216,70.1202898
05-11-2023 18:31,80:BC:37:0B:CA:70,AWP ASSISTANCE (INDIA) PVT LTD,2a03eba7-e589-4c28-9ccc-6b940d48bcca,1.7072E+12,Connect,5 GHz,-51.33333333,38.66666667,397.5177011,2175.36167,2572.879372
05-11-2023 18:31,80:BC:37:0B:CE:B0,Jain Kanakpura,83d14bd4-ca67-4ab4-b946-42a15693e1dc,1.7072E+12,Connect,2.4 GHz,-50,37,0.269162178,569.4032011,569.6723633
05-11-2023 18:31,80:BC:37:0B:CE:B0,Jain Kanakpura,83d14bd4-ca67-4ab4-b946-42a15693e1dc,1.7072E+12,Connect,5 GHz,-68,22,3.981147766,130.4899483,134.471096
05-11-2023 18:31,80:BC:37:0B:F0:10,Jain Kanakpura,83d14bd4-ca67-4ab4-b946-42a15693e1dc,1.7072E+12,Connect,5 GHz,-69,22,27.47832203,668.4613609,695.939683
05-11-2023 18:31,80:BC:37:0B:F3:30,Jain Kanakpura,83d14bd4-ca67-4ab4-b946-42a15693e1dc,1.7072E+12,Connect,2.4 GHz,-52,35,0.036930084,57.50791168,57.54484177
05-11-2023 18:31,80:BC:37:0C:04:10,"Advantage Club Technologies Inc,",8da9e96e-f412-4bdf-aeac-7bf6e85f3252,1.7072E+12,Connect,2.4 GHz,-62.5,24.5,12.67335796,31.03824234,43.7116003
05-11-2023 18:31,80:BC:37:0C:04:10,"Advantage Club Technologies Inc,",8da9e96e-f412-4bdf-aeac-7bf6e85f3252,1.7072E+12,Connect,5 GHz,-55,32,73.79299831,230.9596205,304.7526188
05-11-2023 18:31,80:BC:37:0C:07:A0,"Advantage Club Technologies Inc,",8da9e96e-f412-4bdf-aeac-7bf6e85f3252,1.7072E+12,Connect,2.4 GHz,-80,6,0,118.4563351,118.4563351
05-11-2023 18:31,80:BC:37:0C:07:A0,"Advantage Club Technologies Inc,",8da9e96e-f412-4bdf-aeac-7bf6e85f3252,1.7072E+12,Connect,5 GHz,-46,44,11.29143524,26.66972828,37.96116352
05-11-2023 18:31,80:BC:37:0C:22:F0,"Advantage Club Technologies Inc,",8da9e96e-f412-4bdf-aeac-7bf6e85f3252,1.7072E+12,Connect,2.4 GHz,-79,2,0,0.895799637,0.895799637
05-11-2023 18:31,80:BC:37:0C:22:F0,"Advantage Club Technologies Inc,",8da9e96e-f412-4bdf-aeac-7bf6e85f3252,1.7072E+12,Connect,5 GHz,-79,10,2.810529709,214.9200096,217.7305393
05-11-2023 18:31,80:BC:37:0C:32:B0,"Advantage Club Technologies Inc,",8da9e96e-f412-4bdf-aeac-7bf6e85f3252,1.7072E+12,Connect,2.4 GHz,-77.66666667,5.333333333,0.002963066,1119.906928,1119.909891
05-11-2023 18:31,80:BC:37:0C:32:B0,"Advantage Club Technologies Inc,",8da9e96e-f412-4bdf-aeac-7bf6e85f3252,1.7072E+12,Connect,5 GHz,-57.33333333,31.66666667,90.77984715,1268.932908,1359.712755
05-11-2023 18:31,80:BC:37:0C:3C:90,NSE BKC,df4aacb2-7862-4e10-bc86-98d1e1a68d0f,1.7072E+12,Connect,2.4 GHz,-46,42,0.002569199,0.612708092,0.61527729
05-11-2023 18:31,80:BC:37:0C:3C:90,NSE BKC,df4aacb2-7862-4e10-bc86-98d1e1a68d0f,1.7072E+12,Connect,5 GHz,-63.33333333,27.66666667,0.753050804,4.681438446,5.43448925
05-11-2023 18:31,80:BC:37:0C:42:70,NSE BKC,df4aacb2-7862-4e10-bc86-98d1e1a68d0f,1.7072E+12,Connect,2.4 GHz,-59.33333333,27.66666667,41.67413998,425.7476778,467.4218178
05-11-2023 18:31,80:BC:37:0C:42:70,NSE BKC,df4aacb2-7862-4e10-bc86-98d1e1a68d0f,1.7072E+12,Connect,5 GHz,-71,20,200.465004,1687.138309,1887.603313
05-11-2023 18:31,80:BC:37:0C:42:B0,NSE BKC,df4aacb2-7862-4e10-bc86-98d1e1a68d0f,1.7072E+12,Connect,5 GHz,-55,37,2.306295395,15.2896595,17.5959549
05-11-2023 18:31,80:BC:37:0C:47:E0,"Advantage Club Technologies Inc,",8da9e96e-f412-4bdf-aeac-7bf6e85f3252,1.7072E+12,Connect,5 GHz,-61,27,0.29784584,8.821936607,9.119782448
05-11-2023 18:31,80:BC:37:0C:4B:80,Jain Kanakpura,83d14bd4-ca67-4ab4-b946-42a15693e1dc,1.7072E+12,Connect,2.4 GHz,-57,32,0.056190491,1.654838562,1.711029053
05-11-2023 18:31,80:BC:37:0C:4D:B0,NSE BKC,df4aacb2-7862-4e10-bc86-98d1e1a68d0f,1.7072E+12,Connect,2.4 GHz,-74,14,17.02041912,62.22244072,79.24285984
05-11-2023 18:31,80:BC:37:0C:51:30,"Advantage Club Technologies Inc,",8da9e96e-f412-4bdf-aeac-7bf6e85f3252,1.7072E+12,Connect,5 GHz,-68.25,20.75,59.49754715,1836.892824,1896.390371
05-11-2023 18:31,80:BC:37:0C:52:B0,NSE BKC,df4aacb2-7862-4e10-bc86-98d1e1a68d0f,1.7072E+12,Connect,2.4 GHz,-84,8,0.13684082,1.214427948,1.351268768
05-11-2023 18:31,80:BC:37:0C:56:A0,NSE BKC,df4aacb2-7862-4e10-bc86-98d1e1a68d0f,1.7072E+12,Connect,5 GHz,-66,27,94.65842056,690.3242521,784.9826727
05-11-2023 18:31,80:BC:37:0C:CE:80,"Advantage Club Technologies Inc,",8da9e96e-f412-4bdf-aeac-7bf6e85f3252,1.7072E+12,Connect,2.4 GHz,-81,4,0.00290966,146.9524755,146.9553852
05-11-2023 18:31,80:BC:37:0C:CE:80,"Advantage Club Technologies Inc,",8da9e96e-f412-4bdf-aeac-7bf6e85f3252,1.7072E+12,Connect,5 GHz,-51,39,81.49749565,146.0682135,227.5657091
05-11-2023 18:31,80:BC:37:0C:D0:20,GENPACT,aa878c85-a6ad-44ea-9a28-0ac71a1b6696,1.70271E+12,Disconnect,2.4 GHz,-42,47,0,0,0
05-11-2023 18:31,80:BC:37:0C:D7:10,Jain Kanakpura,83d14bd4-ca67-4ab4-b946-42a15693e1dc,1.7072E+12,Connect,2.4 GHz,-73,15,3.396159172,68.1838026,71.57996178
05-11-2023 18:31,80:BC:37:0C:DD:30,NSE BKC,df4aacb2-7862-4e10-bc86-98d1e1a68d0f,1.7072E+12,Connect,2.4 GHz,-69,25,0.023939133,40.98165512,41.00559425
05-11-2023 18:31,80:BC:37:0C:EF:B0,Jain Kanakpura,83d14bd4-ca67-4ab4-b946-42a15693e1dc,1.7072E+12,Connect,2.4 GHz,-70,18,0.099349022,7.913469315,8.012818336
05-11-2023 18:31,80:BC:37:0C:EF:F0,Jain Kanakpura,83d14bd4-ca67-4ab4-b946-42a15693e1dc,1.7072E+12,Connect,2.4 GHz,-71,18,0.178030014,31.32444382,31.50247383
05-11-2023 18:37,80:03:84:19:D8:60,PN International,e39246bd-e182-48ac-b5fd-6850953f839d,1.7072E+12,Connect,2.4 GHz,-60.33333333,22.66666667,37.53749943,332.1312065,369.6687059
05-11-2023 18:37,80:03:84:19:D8:60,PN International,e39246bd-e182-48ac-b5fd-6850953f839d,1.7072E+12,Connect,5 GHz,-77.83333333,12.16666667,11.83464241,86.11852074,97.95316315
05-11-2023 18:37,80:BC:37:04:E4:A0,Grand Venice Mall,d8a1e2d2-1a9d-46ed-81b0-4068a7b3d56a,1.7072E+12,Connect,2.4 GHz,-71,15,0.010839462,0.654801369,0.665640831
05-11-2023 18:37,80:BC:37:04:E8:40,Grand Venice Mall,d8a1e2d2-1a9d-46ed-81b0-4068a7b3d56a,1.7072E+12,Connect,5 GHz,-48.66666667,12,0.016925812,0.030483246,0.047409058
05-11-2023 18:37,80:BC:37:04:E9:10,Grand Venice Mall,d8a1e2d2-1a9d-46ed-81b0-4068a7b3d56a,1.7072E+12,Connect,5 GHz,0,0,0,0,0
05-11-2023 18:37,80:BC:37:06:CB:40,Grand Venice Mall,d8a1e2d2-1a9d-46ed-81b0-4068a7b3d56a,1.7072E+12,Connect,5 GHz,-72.5,17.5,0.022125244,0.073041916,0.09516716
05-11-2023 18:37,80:BC:37:0B:7D:F0,NSE BKC,df4aacb2-7862-4e10-bc86-98d1e1a68d0f,1.7072E+12,Connect,2.4 GHz,-71,16,0.410562515,3.374362946,3.784925461
05-11-2023 18:37,80:BC:37:0B:7D:F0,NSE BKC,df4aacb2-7862-4e10-bc86-98d1e1a68d0f,1.7072E+12,Connect,5 GHz,-29.5,16,0.00262928,0.172272682,0.174901962
05-11-2023 18:37,80:BC:37:0B:9C:C0,"Advantage Club Technologies Inc,",8da9e96e-f412-4bdf-aeac-7bf6e85f3252,1.7072E+12,Connect,2.4 GHz,-86,0,0,51.57329655,51.57329655
05-11-2023 18:37,80:BC:37:0B:AD:10,NSE BKC,df4aacb2-7862-4e10-bc86-98d1e1a68d0f,1.7072E+12,Connect,5 GHz,-51,38,0.028290749,0.277659416,0.305950165
05-11-2023 18:37,80:BC:37:0B:C4:30,Jain Kanakpura,83d14bd4-ca67-4ab4-b946-42a15693e1dc,1.7072E+12,Connect,5 GHz,-78,11,0.714298248,10.69438362,11.40868187
05-11-2023 18:37,80:BC:37:0B:C5:60,Jain Kanakpura,83d14bd4-ca67-4ab4-b946-42a15693e1dc,1.7072E+12,Connect,2.4 GHz,-70,18,4.873064995,47.72656345,52.59962845
05-11-2023 18:37,80:BC:37:0B:CA:70,AWP ASSISTANCE (INDIA) PVT LTD,2a03eba7-e589-4c28-9ccc-6b940d48bcca,1.7072E+12,Connect,5 GHz,-50.33333333,39.66666667,397.7679586,2175.807331,2573.57529
05-11-2023 18:37,80:BC:37:0B:CE:B0,Jain Kanakpura,83d14bd4-ca67-4ab4-b946-42a15693e1dc,1.7072E+12,Connect,2.4 GHz,-50,37,0.272428513,589.0143995,589.286828
05-11-2023 18:37,80:BC:37:0B:CE:B0,Jain Kanakpura,83d14bd4-ca67-4ab4-b946-42a15693e1dc,1.7072E+12,Connect,5 GHz,-67,23,4.138077736,156.7487478,160.8868256
05-11-2023 18:37,80:BC:37:0B:F0:10,Jain Kanakpura,83d14bd4-ca67-4ab4-b946-42a15693e1dc,1.7072E+12,Connect,5 GHz,-69,22,27.75447464,688.8871412,716.6416159
05-11-2023 18:37,80:BC:37:0B:F3:30,Jain Kanakpura,83d14bd4-ca67-4ab4-b946-42a15693e1dc,1.7072E+12,Connect,2.4 GHz,-52,35,0.066737175,77.38749981,77.45423698
05-11-2023 18:37,80:BC:37:0C:04:10,"Advantage Club Technologies Inc,",8da9e96e-f412-4bdf-aeac-7bf6e85f3252,1.7072E+12,Connect,2.4 GHz,-69.5,17.5,13.36036777,72.34196758,85.70233536
05-11-2023 18:37,80:BC:37:0C:04:10,"Advantage Club Technologies Inc,",8da9e96e-f412-4bdf-aeac-7bf6e85f3252,1.7072E+12,Connect,5 GHz,-55,32,73.79360199,230.961607,304.755209
05-11-2023 18:37,80:BC:37:0C:07:A0,"Advantage Club Technologies Inc,",8da9e96e-f412-4bdf-aeac-7bf6e85f3252,1.7072E+12,Connect,2.4 GHz,-80,6,0,118.4660482,118.4660482
05-11-2023 18:37,80:BC:37:0C:07:A0,"Advantage Club Technologies Inc,",8da9e96e-f412-4bdf-aeac-7bf6e85f3252,1.7072E+12,Connect,5 GHz,-45,45,11.29853821,26.8663826,38.16492081
05-11-2023 18:37,80:BC:37:0C:22:F0,"Advantage Club Technologies Inc,",8da9e96e-f412-4bdf-aeac-7bf6e85f3252,1.7072E+12,Connect,2.4 GHz,-79,2,0,0.895799637,0.895799637
05-11-2023 18:37,80:BC:37:0C:22:F0,"Advantage Club Technologies Inc,",8da9e96e-f412-4bdf-aeac-7bf6e85f3252,1.7072E+12,Connect,5 GHz,-80,9,2.876616478,228.7451534,231.6217699
05-11-2023 18:37,80:BC:37:0C:27:70,Jain Kanakpura,83d14bd4-ca67-4ab4-b946-42a15693e1dc,1.7072E+12,Connect,5 GHz,0,0,0,0,0
05-11-2023 18:37,80:BC:37:0C:32:B0,"Advantage Club Technologies Inc,",8da9e96e-f412-4bdf-aeac-7bf6e85f3252,1.7072E+12,Connect,2.4 GHz,-78.5,4.5,0,1119.899368,1119.899368
05-11-2023 18:37,80:BC:37:0C:32:B0,"Advantage Club Technologies Inc,",8da9e96e-f412-4bdf-aeac-7bf6e85f3252,1.7072E+12,Connect,5 GHz,-51.5,37.5,79.39917946,499.0793047,578.4784842
05-11-2023 18:37,80:BC:37:0C:3C:90,NSE BKC,df4aacb2-7862-4e10-bc86-98d1e1a68d0f,1.7072E+12,Connect,5 GHz,-61,30,0.816466331,4.779452324,5.595918655
05-11-2023 18:37,80:BC:37:0C:42:70,NSE BKC,df4aacb2-7862-4e10-bc86-98d1e1a68d0f,1.7072E+12,Connect,2.4 GHz,-67.66666667,19.33333333,25.7583828,224.0628929,249.8212757
05-11-2023 18:37,80:BC:37:0C:42:70,NSE BKC,df4aacb2-7862-4e10-bc86-98d1e1a68d0f,1.7072E+12,Connect,5 GHz,-71,20,212.1748848,2022.473182,2234.648067
05-11-2023 18:37,80:BC:37:0C:42:B0,NSE BKC,df4aacb2-7862-4e10-bc86-98d1e1a68d0f,1.7072E+12,Connect,5 GHz,-56,36,4.927661896,23.82784081,28.7555027
05-11-2023 18:37,80:BC:37:0C:47:E0,"Advantage Club Technologies Inc,",8da9e96e-f412-4bdf-aeac-7bf6e85f3252,1.7072E+12,Connect,5 GHz,-61,27,0.298363686,8.998643875,9.297007561
05-11-2023 18:37,80:BC:37:0C:4B:80,Jain Kanakpura,83d14bd4-ca67-4ab4-b946-42a15693e1dc,1.7072E+12,Connect,2.4 GHz,-58.5,30,0.42828083,10.52333546,10.95161629
05-11-2023 18:37,80:BC:37:0C:4D:B0,NSE BKC,df4aacb2-7862-4e10-bc86-98d1e1a68d0f,1.7072E+12,Connect,2.4 GHz,-75,13,17.14304543,62.67213249,79.81517792
05-11-2023 18:37,80:BC:37:0C:51:30,"Advantage Club Technologies Inc,",8da9e96e-f412-4bdf-aeac-7bf6e85f3252,1.7072E+12,Connect,5 GHz,-67.75,21.25,60.14479065,1838.036948,1898.181739
05-11-2023 18:37,80:BC:37:0C:52:B0,NSE BKC,df4aacb2-7862-4e10-bc86-98d1e1a68d0f,1.7072E+12,Connect,5 GHz,0,0,0,0,0
05-11-2023 18:37,80:BC:37:0C:56:A0,NSE BKC,df4aacb2-7862-4e10-bc86-98d1e1a68d0f,1.7072E+12,Connect,5 GHz,-66,27,94.65842056,690.6911249,785.3495455
05-11-2023 18:37,80:BC:37:0C:CE:80,"Advantage Club Technologies Inc,",8da9e96e-f412-4bdf-aeac-7bf6e85f3252,1.7072E+12,Connect,2.4 GHz,-81,4,0.00290966,146.953764,146.9566736
05-11-2023 18:37,80:BC:37:0C:CE:80,"Advantage Club Technologies Inc,",8da9e96e-f412-4bdf-aeac-7bf6e85f3252,1.7072E+12,Connect,5 GHz,-47.5,42.5,84.86083126,302.6053696,387.4662008
05-11-2023 18:37,80:BC:37:0C:DD:30,NSE BKC,df4aacb2-7862-4e10-bc86-98d1e1a68d0f,1.7072E+12,Connect,2.4 GHz,-69,25,0.023939133,41.35006618,41.37400532
05-11-2023 18:37,80:BC:37:0C:E3:20,Jain Kanakpura,83d14bd4-ca67-4ab4-b946-42a15693e1dc,1.7072E+12,Connect,2.4 GHz,-72,15,0.510872841,5.689854622,6.200727463
05-11-2023 18:37,80:BC:37:0C:E4:F0,Jain Kanakpura,83d14bd4-ca67-4ab4-b946-42a15693e1dc,1.7072E+12,Connect,5 GHz,-94,5,0,0,0
05-11-2023 18:37,80:BC:37:0C:EF:B0,Jain Kanakpura,83d14bd4-ca67-4ab4-b946-42a15693e1dc,1.7072E+12,Connect,2.4 GHz,-74.5,13.5,0.10761261,6.106535912,6.214148521
05-11-2023 18:43,80:03:84:19:D8:60,PN International,e39246bd-e182-48ac-b5fd-6850953f839d,1.7072E+12,Connect,2.4 GHz,-59.66666667,23.33333333,37.62597179,332.1962299,369.8222017
05-11-2023 18:43,80:03:84:19:D8:60,PN International,e39246bd-e182-48ac-b5fd-6850953f839d,1.7072E+12,Connect,5 GHz,-78.33333333,11.66666667,11.98230362,86.32963181,98.31193542
05-11-2023 18:43,80:BC:37:04:E4:A0,Grand Venice Mall,d8a1e2d2-1a9d-46ed-81b0-4068a7b3d56a,1.7072E+12,Connect,2.4 GHz,-67,19,0.011522293,0.684920311,0.696442604
05-11-2023 18:43,80:BC:37:04:E8:40,Grand Venice Mall,d8a1e2d2-1a9d-46ed-81b0-4068a7b3d56a,1.7072E+12,Connect,5 GHz,-35,10.5,0.006523132,0.058373451,0.064896584
05-11-2023 18:43,80:BC:37:04:E9:10,Grand Venice Mall,d8a1e2d2-1a9d-46ed-81b0-4068a7b3d56a,1.7072E+12,Connect,5 GHz,-75,15,0.010730743,0.065831184,0.076561928
05-11-2023 18:43,80:BC:37:06:CB:40,Grand Venice Mall,d8a1e2d2-1a9d-46ed-81b0-4068a7b3d56a,1.7072E+12,Connect,5 GHz,-74,16,0.008190155,0.05921936,0.067409515
05-11-2023 18:43,80:BC:37:0B:7D:F0,NSE BKC,df4aacb2-7862-4e10-bc86-98d1e1a68d0f,1.7072E+12,Connect,5 GHz,0,0,0,0,0
05-11-2023 18:43,80:BC:37:0B:9C:C0,"Advantage Club Technologies Inc,",8da9e96e-f412-4bdf-aeac-7bf6e85f3252,1.7072E+12,Connect,2.4 GHz,-86,0,0,51.7663641,51.7663641
05-11-2023 18:43,80:BC:37:0B:AB:E0,NSE BKC,df4aacb2-7862-4e10-bc86-98d1e1a68d0f,1.7072E+12,Connect,2.4 GHz,-69,19,0.584544182,10.96757412,11.5521183
05-11-2023 18:43,80:BC:37:0B:C4:30,Jain Kanakpura,83d14bd4-ca67-4ab4-b946-42a15693e1dc,1.7072E+12,Connect,5 GHz,-80,9,0.782158852,12.08581161,12.86797047
05-11-2023 18:43,80:BC:37:0B:C5:60,Jain Kanakpura,83d14bd4-ca67-4ab4-b946-42a15693e1dc,1.7072E+12,Connect,2.4 GHz,-67,21,5.190099716,50.53681374,55.72691345
05-11-2023 18:43,80:BC:37:0B:CA:70,AWP ASSISTANCE (INDIA) PVT LTD,2a03eba7-e589-4c28-9ccc-6b940d48bcca,1.7072E+12,Connect,5 GHz,-49.83333333,40.16666667,397.9723215,2176.097104,2574.069426
05-11-2023 18:43,80:BC:37:0B:CE:B0,Jain Kanakpura,83d14bd4-ca67-4ab4-b946-42a15693e1dc,1.7072E+12,Connect,2.4 GHz,-49,38,0.274161339,608.7398071,609.0139685
05-11-2023 18:43,80:BC:37:0B:F0:10,Jain Kanakpura,83d14bd4-ca67-4ab4-b946-42a15693e1dc,1.7072E+12,Connect,5 GHz,-69,22,27.91333389,709.1346722,737.0480061
05-11-2023 18:43,80:BC:37:0B:F3:30,Jain Kanakpura,83d14bd4-ca67-4ab4-b946-42a15693e1dc,1.7072E+12,Connect,2.4 GHz,-63,24,0.128336906,97.27399921,97.40233612
05-11-2023 18:43,80:BC:37:0C:04:10,"Advantage Club Technologies Inc,",8da9e96e-f412-4bdf-aeac-7bf6e85f3252,1.7072E+12,Connect,2.4 GHz,-71.5,15.5,13.44856358,72.66751099,86.11607456
05-11-2023 18:43,80:BC:37:0C:04:10,"Advantage Club Technologies Inc,",8da9e96e-f412-4bdf-aeac-7bf6e85f3252,1.7072E+12,Connect,5 GHz,-55,32,73.79543686,230.9679651,304.763402
05-11-2023 18:43,80:BC:37:0C:07:A0,"Advantage Club Technologies Inc,",8da9e96e-f412-4bdf-aeac-7bf6e85f3252,1.7072E+12,Connect,2.4 GHz,-80,6,0,118.4799671,118.4799671
05-11-2023 18:43,80:BC:37:0C:07:A0,"Advantage Club Technologies Inc,",8da9e96e-f412-4bdf-aeac-7bf6e85f3252,1.7072E+12,Connect,5 GHz,-46,44,11.31108856,27.05930996,38.37039852
05-11-2023 18:43,80:BC:37:0C:22:F0,"Advantage Club Technologies Inc,",8da9e96e-f412-4bdf-aeac-7bf6e85f3252,1.7072E+12,Connect,2.4 GHz,-79,2,0,0.895799637,0.895799637
05-11-2023 18:43,80:BC:37:0C:22:F0,"Advantage Club Technologies Inc,",8da9e96e-f412-4bdf-aeac-7bf6e85f3252,1.7072E+12,Connect,5 GHz,-76,13,3.255026817,235.5731955,238.8282223
05-11-2023 18:43,80:BC:37:0C:32:B0,"Advantage Club Technologies Inc,",8da9e96e-f412-4bdf-aeac-7bf6e85f3252,1.7072E+12,Connect,2.4 GHz,-78.5,4.5,0,1119.904429,1119.904429
05-11-2023 18:43,80:BC:37:0C:32:B0,"Advantage Club Technologies Inc,",8da9e96e-f412-4bdf-aeac-7bf6e85f3252,1.7072E+12,Connect,5 GHz,-53.5,35.5,80.64451599,501.4630299,582.1075459
05-11-2023 18:43,80:BC:37:0C:3C:90,NSE BKC,df4aacb2-7862-4e10-bc86-98d1e1a68d0f,1.7072E+12,Connect,5 GHz,-64,27,4.053510666,70.7542057,74.80771637
05-11-2023 18:43,80:BC:37:0C:42:70,NSE BKC,df4aacb2-7862-4e10-bc86-98d1e1a68d0f,1.7072E+12,Connect,2.4 GHz,-68.33333333,18.66666667,30.64263058,260.532073,291.1747036
05-11-2023 18:43,80:BC:37:0C:42:70,NSE BKC,df4aacb2-7862-4e10-bc86-98d1e1a68d0f,1.7072E+12,Connect,5 GHz,-72.66666667,18.33333333,178.8304758,1286.832955,1465.663431
05-11-2023 18:43,80:BC:37:0C:42:B0,NSE BKC,df4aacb2-7862-4e10-bc86-98d1e1a68d0f,1.7072E+12,Connect,2.4 GHz,0,0,0,0,0
05-11-2023 18:43,80:BC:37:0C:42:B0,NSE BKC,df4aacb2-7862-4e10-bc86-98d1e1a68d0f,1.7072E+12,Connect,5 GHz,-59,33,7.789860725,36.69423485,44.48409557
05-11-2023 18:43,80:BC:37:0C:47:E0,"Advantage Club Technologies Inc,",8da9e96e-f412-4bdf-aeac-7bf6e85f3252,1.7072E+12,Connect,5 GHz,-61,27,0.298363686,9.192412376,9.490776062
05-11-2023 18:43,80:BC:37:0C:4B:80,Jain Kanakpura,83d14bd4-ca67-4ab4-b946-42a15693e1dc,1.7072E+12,Connect,2.4 GHz,-55,34,0.959468842,18.27332401,19.23279285
05-11-2023 18:43,80:BC:37:0C:4D:B0,NSE BKC,df4aacb2-7862-4e10-bc86-98d1e1a68d0f,1.7072E+12,Connect,2.4 GHz,-75,13,17.27005386,63.10893726,80.37899113
05-11-2023 18:43,80:BC:37:0C:51:30,"Advantage Club Technologies Inc,",8da9e96e-f412-4bdf-aeac-7bf6e85f3252,1.7072E+12,Connect,5 GHz,-66.25,22.75,60.20459938,1838.644661,1898.84926
05-11-2023 18:43,80:BC:37:0C:52:B0,NSE BKC,df4aacb2-7862-4e10-bc86-98d1e1a68d0f,1.7072E+12,Connect,2.4 GHz,-80,12,59.11251736,126.140728,185.2532454
05-11-2023 18:43,80:BC:37:0C:56:A0,NSE BKC,df4aacb2-7862-4e10-bc86-98d1e1a68d0f,1.7072E+12,Connect,5 GHz,-66,27,94.65842056,691.0226192,785.6810398
05-11-2023 18:43,80:BC:37:0C:CE:80,"Advantage Club Technologies Inc,",8da9e96e-f412-4bdf-aeac-7bf6e85f3252,1.7072E+12,Connect,2.4 GHz,-81,4,0.00290966,146.9584646,146.9613743
05-11-2023 18:43,80:BC:37:0C:CE:80,"Advantage Club Technologies Inc,",8da9e96e-f412-4bdf-aeac-7bf6e85f3252,1.7072E+12,Connect,5 GHz,-50.25,39.75,89.90512943,450.6970863,540.6022158
05-11-2023 18:43,80:BC:37:0C:DA:20,Jain Kanakpura,83d14bd4-ca67-4ab4-b946-42a15693e1dc,1.7072E+12,Connect,2.4 GHz,0,0,0,0,0
05-11-2023 18:43,80:BC:37:0C:DD:30,NSE BKC,df4aacb2-7862-4e10-bc86-98d1e1a68d0f,1.7072E+12,Connect,2.4 GHz,-69,25,0.023939133,41.68446541,41.70840454
05-11-2023 18:43,80:BC:37:0C:E3:20,Jain Kanakpura,83d14bd4-ca67-4ab4-b946-42a15693e1dc,1.7072E+12,Connect,2.4 GHz,-62,27,0,0,0
05-11-2023 18:43,80:BC:37:0C:EF:B0,Jain Kanakpura,83d14bd4-ca67-4ab4-b946-42a15693e1dc,1.7072E+12,Connect,2.4 GHz,-76,12,0.145430565,25.9427557,26.08818626
05-11-2023 18:43,80:BC:37:0C:EF:B0,Jain Kanakpura,83d14bd4-ca67-4ab4-b946-42a15693e1dc,1.7072E+12,Connect,5 GHz,-86,6,0.134148598,16.06216049,16.19630909
05-11-2023 18:43,80:BC:37:0C:EF:F0,Jain Kanakpura,83d14bd4-ca67-4ab4-b946-42a15693e1dc,1.7072E+12,Connect,5 GHz,-80,11,0.001616478,0.271095276,0.272711754
05-11-2023 18:48,80:03:84:19:D8:60,PN International,e39246bd-e182-48ac-b5fd-6850953f839d,1.7072E+12,Connect,2.4 GHz,-59.83333333,23.16666667,37.72426796,332.2698717,369.9941397
05-11-2023 18:48,80:03:84:19:D8:60,PN International,e39246bd-e182-48ac-b5fd-6850953f839d,1.7072E+12,Connect,5 GHz,-78.66666667,11.33333333,12.10125256,86.4394207,98.54067326
05-11-2023 18:48,80:BC:37:04:E4:A0,Grand Venice Mall,d8a1e2d2-1a9d-46ed-81b0-4068a7b3d56a,1.7072E+12,Connect,2.4 GHz,-67,19,0.031732559,0.758058548,0.789791107
05-11-2023 18:48,80:BC:37:04:E8:40,Grand Venice Mall,d8a1e2d2-1a9d-46ed-81b0-4068a7b3d56a,1.7072E+12,Connect,5 GHz,-72,19,0.030838966,0.24420166,0.275040627
05-11-2023 18:48,80:BC:37:04:E9:10,Grand Venice Mall,d8a1e2d2-1a9d-46ed-81b0-4068a7b3d56a,1.7072E+12,Connect,5 GHz,-71,19,0.010810852,0.091867447,0.102678299
05-11-2023 18:48,80:BC:37:06:CB:40,Grand Venice Mall,d8a1e2d2-1a9d-46ed-81b0-4068a7b3d56a,1.7072E+12,Connect,2.4 GHz,-69,17,9.92E-05,0.062188148,0.062287331
05-11-2023 18:48,80:BC:37:0B:9C:C0,"Advantage Club Technologies Inc,",8da9e96e-f412-4bdf-aeac-7bf6e85f3252,1.7072E+12,Connect,2.4 GHz,-86,0,0,51.93483734,51.93483734
05-11-2023 18:48,80:BC:37:0B:AB:E0,NSE BKC,df4aacb2-7862-4e10-bc86-98d1e1a68d0f,1.7072E+12,Connect,2.4 GHz,-76.5,11.5,1.422552109,28.11538506,29.53793716
05-11-2023 18:48,80:BC:37:0B:AD:10,NSE BKC,df4aacb2-7862-4e10-bc86-98d1e1a68d0f,1.7072E+12,Connect,5 GHz,-65,24,0.004504204,0.049482346,0.053986549
05-11-2023 18:48,80:BC:37:0B:C5:60,Jain Kanakpura,83d14bd4-ca67-4ab4-b946-42a15693e1dc,1.7072E+12,Connect,2.4 GHz,-67,21,5.211865425,53.56719398,58.77905941
05-11-2023 18:48,80:BC:37:0B:C5:60,Jain Kanakpura,83d14bd4-ca67-4ab4-b946-42a15693e1dc,1.7072E+12,Connect,5 GHz,-82,15,0.000198364,0.012485504,0.012683868
05-11-2023 18:48,80:BC:37:0B:CA:70,AWP ASSISTANCE (INDIA) PVT LTD,2a03eba7-e589-4c28-9ccc-6b940d48bcca,1.7072E+12,Connect,5 GHz,-50.5,39.5,398.1162472,2176.330433,2574.44668
05-11-2023 18:48,80:BC:37:0B:CE:B0,Jain Kanakpura,83d14bd4-ca67-4ab4-b946-42a15693e1dc,1.7072E+12,Connect,2.4 GHz,-52,35,0.277762413,630.5256062,630.8033686
05-11-2023 18:48,80:BC:37:0B:F3:30,Jain Kanakpura,83d14bd4-ca67-4ab4-b946-42a15693e1dc,1.7072E+12,Connect,2.4 GHz,-57,30,0.289316177,119.8105545,120.0998707
05-11-2023 18:48,80:BC:37:0B:FF:10,NSE BKC,df4aacb2-7862-4e10-bc86-98d1e1a68d0f,1.7072E+12,Connect,2.4 GHz,-73,17,0.007224083,0.433367729,0.440591812
05-11-2023 18:48,80:BC:37:0B:FF:10,NSE BKC,df4aacb2-7862-4e10-bc86-98d1e1a68d0f,1.7072E+12,Connect,5 GHz,-65,26,0,0,0
05-11-2023 18:48,80:BC:37:0C:04:10,"Advantage Club Technologies Inc,",8da9e96e-f412-4bdf-aeac-7bf6e85f3252,1.7072E+12,Connect,2.4 GHz,-66.5,20.5,14.86132908,107.4212418,122.2825708
05-11-2023 18:48,80:BC:37:0C:04:10,"Advantage Club Technologies Inc,",8da9e96e-f412-4bdf-aeac-7bf6e85f3252,1.7072E+12,Connect,5 GHz,-56,31,73.796031,230.9688511,304.7648821
05-11-2023 18:48,80:BC:37:0C:07:A0,"Advantage Club Technologies Inc,",8da9e96e-f412-4bdf-aeac-7bf6e85f3252,1.7072E+12,Connect,2.4 GHz,-80,6,0,118.4878368,118.4878368
05-11-2023 18:48,80:BC:37:0C:07:A0,"Advantage Club Technologies Inc,",8da9e96e-f412-4bdf-aeac-7bf6e85f3252,1.7072E+12,Connect,5 GHz,-46,44,11.32243729,27.22777462,38.55021191
05-11-2023 18:48,80:BC:37:0C:22:F0,"Advantage Club Technologies Inc,",8da9e96e-f412-4bdf-aeac-7bf6e85f3252,1.7072E+12,Connect,2.4 GHz,-79,2,0,0.895799637,0.895799637
05-11-2023 18:48,80:BC:37:0C:22:F0,"Advantage Club Technologies Inc,",8da9e96e-f412-4bdf-aeac-7bf6e85f3252,1.7072E+12,Connect,5 GHz,-83,6,3.344232559,235.9263592,239.2705917
05-11-2023 18:48,80:BC:37:0C:28:F0,Jain Kanakpura,83d14bd4-ca67-4ab4-b946-42a15693e1dc,1.7072E+12,Connect,2.4 GHz,-65,24,0,0,0
05-11-2023 18:48,80:BC:37:0C:32:B0,"Advantage Club Technologies Inc,",8da9e96e-f412-4bdf-aeac-7bf6e85f3252,1.7072E+12,Connect,2.4 GHz,-78.5,4.5,0,1119.904584,1119.904584
05-11-2023 18:48,80:BC:37:0C:32:B0,"Advantage Club Technologies Inc,",8da9e96e-f412-4bdf-aeac-7bf6e85f3252,1.7072E+12,Connect,5 GHz,-51,38,80.52227116,496.1032982,576.6255693
05-11-2023 18:48,80:BC:37:0C:3C:90,NSE BKC,df4aacb2-7862-4e10-bc86-98d1e1a68d0f,1.7072E+12,Connect,5 GHz,-71.5,19.5,10.99463367,219.2743416,230.2689753
05-11-2023 18:48,80:BC:37:0C:42:70,NSE BKC,df4aacb2-7862-4e10-bc86-98d1e1a68d0f,1.7072E+12,Connect,2.4 GHz,-72,15,20.21362972,22.84440422,43.05803394
05-11-2023 18:48,80:BC:37:0C:42:70,NSE BKC,df4aacb2-7862-4e10-bc86-98d1e1a68d0f,1.7072E+12,Connect,5 GHz,-69,22,177.2138939,1287.738065,1464.951959
05-11-2023 18:48,80:BC:37:0C:42:B0,NSE BKC,df4aacb2-7862-4e10-bc86-98d1e1a68d0f,1.7072E+12,Connect,5 GHz,-60,32,8.104243279,38.84165764,46.94590092
05-11-2023 18:48,80:BC:37:0C:47:E0,"Advantage Club Technologies Inc,",8da9e96e-f412-4bdf-aeac-7bf6e85f3252,1.7072E+12,Connect,5 GHz,-61,27,0.298363686,9.361580849,9.659944534
05-11-2023 18:48,80:BC:37:0C:4B:80,Jain Kanakpura,83d14bd4-ca67-4ab4-b946-42a15693e1dc,1.7072E+12,Connect,2.4 GHz,-53,36,1.136904716,22.33259392,23.46949863
05-11-2023 18:48,80:BC:37:0C:4D:B0,NSE BKC,df4aacb2-7862-4e10-bc86-98d1e1a68d0f,1.7072E+12,Connect,2.4 GHz,-74,14,17.39871597,63.52365208,80.92236805
05-11-2023 18:48,80:BC:37:0C:51:30,"Advantage Club Technologies Inc,",8da9e96e-f412-4bdf-aeac-7bf6e85f3252,1.7072E+12,Connect,5 GHz,-65.75,23.25,60.24380112,1839.162571,1899.406372
05-11-2023 18:48,80:BC:37:0C:52:B0,NSE BKC,df4aacb2-7862-4e10-bc86-98d1e1a68d0f,1.7072E+12,Connect,2.4 GHz,-79,13,0.568648338,70.31597424,70.88462257
05-11-2023 18:48,80:BC:37:0C:56:A0,NSE BKC,df4aacb2-7862-4e10-bc86-98d1e1a68d0f,1.7072E+12,Connect,5 GHz,-66,27,94.65842056,691.3321371,785.9905577
05-11-2023 18:48,80:BC:37:0C:CE:80,"Advantage Club Technologies Inc,",8da9e96e-f412-4bdf-aeac-7bf6e85f3252,1.7072E+12,Connect,2.4 GHz,-81,4,0.00290966,146.9586191,146.9615288
05-11-2023 18:48,80:BC:37:0C:CE:80,"Advantage Club Technologies Inc,",8da9e96e-f412-4bdf-aeac-7bf6e85f3252,1.7072E+12,Connect,5 GHz,-49.5,40.5,94.28508568,577.960166,672.2452517
05-11-2023 18:48,80:BC:37:0C:DD:30,NSE BKC,df4aacb2-7862-4e10-bc86-98d1e1a68d0f,1.7072E+12,Connect,2.4 GHz,-69,25,0.027884483,41.99641609,42.02430058
05-11-2023 18:48,80:BC:37:0C:DD:30,NSE BKC,df4aacb2-7862-4e10-bc86-98d1e1a68d0f,1.7072E+12,Connect,5 GHz,-65,26,0,0,0
05-11-2023 18:48,80:BC:37:0C:DF:D0,Jain Kanakpura,83d14bd4-ca67-4ab4-b946-42a15693e1dc,1.7072E+12,Connect,2.4 GHz,-59,27,0.003317833,10.34543514,10.34875298
05-11-2023 18:48,80:BC:37:0C:E3:20,Jain Kanakpura,83d14bd4-ca67-4ab4-b946-42a15693e1dc,1.7072E+12,Connect,2.4 GHz,-68,19,1.055498123,41.867136,42.92263412
05-11-2023 18:48,80:BC:37:0C:EF:B0,Jain Kanakpura,83d14bd4-ca67-4ab4-b946-42a15693e1dc,1.7072E+12,Connect,2.4 GHz,-79,10,0.021487236,1.141339302,1.162826538
05-11-2023 18:48,80:BC:37:0C:EF:B0,Jain Kanakpura,83d14bd4-ca67-4ab4-b946-42a15693e1dc,1.7072E+12,Connect,5 GHz,-87,5,0.19146347,38.0010376,38.19250107
05-11-2023 18:54,80:03:84:19:D8:60,PN International,e39246bd-e182-48ac-b5fd-6850953f839d,1.7072E+12,Connect,2.4 GHz,-60.16666667,22.83333333,37.83884048,332.3330059,370.1718464
05-11-2023 18:54,80:03:84:19:D8:60,PN International,e39246bd-e182-48ac-b5fd-6850953f839d,1.7072E+12,Connect,5 GHz,-78.33333333,11.66666667,12.25441265,86.57234859,98.82676125
05-11-2023 18:54,80:BC:37:04:E4:A0,Grand Venice Mall,d8a1e2d2-1a9d-46ed-81b0-4068a7b3d56a,1.7072E+12,Connect,2.4 GHz,-68,18,0.032102585,0.84920311,0.881305695
05-11-2023 18:54,80:BC:37:04:E8:40,Grand Venice Mall,d8a1e2d2-1a9d-46ed-81b0-4068a7b3d56a,1.7072E+12,Connect,5 GHz,-78.25,12.25,0.041272163,0.431815147,0.473087311
05-11-2023 18:54,80:BC:37:0B:9C:C0,"Advantage Club Technologies Inc,",8da9e96e-f412-4bdf-aeac-7bf6e85f3252,1.7072E+12,Connect,2.4 GHz,-86,0,0,52.14228153,52.14228153
05-11-2023 18:54,80:BC:37:0B:AB:E0,NSE BKC,df4aacb2-7862-4e10-bc86-98d1e1a68d0f,1.7072E+12,Connect,2.4 GHz,-76.5,11.5,1.738407135,32.77139664,34.50980377
05-11-2023 18:54,80:BC:37:0B:C5:60,Jain Kanakpura,83d14bd4-ca67-4ab4-b946-42a15693e1dc,1.7072E+12,Connect,2.4 GHz,-57,31,6.138807297,103.1974716,109.3362789
05-11-2023 18:54,80:BC:37:0B:CA:70,AWP ASSISTANCE (INDIA) PVT LTD,2a03eba7-e589-4c28-9ccc-6b940d48bcca,1.7072E+12,Connect,5 GHz,-50.66666667,39.33333333,398.4502411,2177.219797,2575.670038
05-11-2023 18:54,80:BC:37:0B:CE:B0,Jain Kanakpura,83d14bd4-ca67-4ab4-b946-42a15693e1dc,1.7072E+12,Connect,2.4 GHz,-53,34,0.283214569,656.222765,656.5059795
05-11-2023 18:54,80:BC:37:0B:F3:30,Jain Kanakpura,83d14bd4-ca67-4ab4-b946-42a15693e1dc,1.7072E+12,Connect,2.4 GHz,-63,24,0.382694244,146.1309776,146.5136719
05-11-2023 18:54,80:BC:37:0B:F7:40,Jain Kanakpura,83d14bd4-ca67-4ab4-b946-42a15693e1dc,1.7072E+12,Connect,5 GHz,0,0,0,0,0
05-11-2023 18:54,80:BC:37:0B:FF:10,NSE BKC,df4aacb2-7862-4e10-bc86-98d1e1a68d0f,1.7072E+12,Connect,5 GHz,-84,8,0.005347252,0.25541687,0.260764122
05-11-2023 18:54,80:BC:37:0C:04:10,"Advantage Club Technologies Inc,",8da9e96e-f412-4bdf-aeac-7bf6e85f3252,1.7072E+12,Connect,2.4 GHz,-67,20,17.25372505,173.7431355,190.9968605
05-11-2023 18:54,80:BC:37:0C:04:10,"Advantage Club Technologies Inc,",8da9e96e-f412-4bdf-aeac-7bf6e85f3252,1.7072E+12,Connect,5 GHz,-59,28,73.80215263,230.980854,304.7830067
05-11-2023 18:54,80:BC:37:0C:07:A0,"Advantage Club Technologies Inc,",8da9e96e-f412-4bdf-aeac-7bf6e85f3252,1.7072E+12,Connect,2.4 GHz,-80,6,0,118.5108109,118.5108109
05-11-2023 18:54,80:BC:37:0C:07:A0,"Advantage Club Technologies Inc,",8da9e96e-f412-4bdf-aeac-7bf6e85f3252,1.7072E+12,Connect,5 GHz,-53,37,11.60343933,43.88106346,55.48450279
05-11-2023 18:54,80:BC:37:0C:22:F0,"Advantage Club Technologies Inc,",8da9e96e-f412-4bdf-aeac-7bf6e85f3252,1.7072E+12,Connect,2.4 GHz,-79,2,0,0.895799637,0.895799637
05-11-2023 18:54,80:BC:37:0C:22:F0,"Advantage Club Technologies Inc,",8da9e96e-f412-4bdf-aeac-7bf6e85f3252,1.7072E+12,Connect,5 GHz,-63.5,25.5,3.594648361,236.8449879,240.4396362
05-11-2023 18:54,80:BC:37:0C:28:F0,Jain Kanakpura,83d14bd4-ca67-4ab4-b946-42a15693e1dc,1.7072E+12,Connect,2.4 GHz,-75,13,0.006606102,8.302759171,8.309365273
05-11-2023 18:54,80:BC:37:0C:32:B0,"Advantage Club Technologies Inc,",8da9e96e-f412-4bdf-aeac-7bf6e85f3252,1.7072E+12,Connect,2.4 GHz,-78.5,4.5,0,1119.906793,1119.906793
05-11-2023 18:54,80:BC:37:0C:32:B0,"Advantage Club Technologies Inc,",8da9e96e-f412-4bdf-aeac-7bf6e85f3252,1.7072E+12,Connect,5 GHz,-48,41,82.25361252,501.4524641,583.7060766
05-11-2023 18:54,80:BC:37:0C:3C:90,NSE BKC,df4aacb2-7862-4e10-bc86-98d1e1a68d0f,1.7072E+12,Connect,5 GHz,-71,20,17.71033859,360.5775366,378.2878752
05-11-2023 18:54,80:BC:37:0C:42:70,NSE BKC,df4aacb2-7862-4e10-bc86-98d1e1a68d0f,1.7072E+12,Connect,2.4 GHz,-72,15,20.40565681,23.1823082,43.58796501
05-11-2023 18:54,80:BC:37:0C:42:70,NSE BKC,df4aacb2-7862-4e10-bc86-98d1e1a68d0f,1.7072E+12,Connect,5 GHz,-73,18,178.4755592,1334.918231,1513.39379
05-11-2023 18:54,80:BC:37:0C:42:B0,NSE BKC,df4aacb2-7862-4e10-bc86-98d1e1a68d0f,1.7072E+12,Connect,5 GHz,-66.5,25,11.32806492,54.04639435,65.37445927
05-11-2023 18:54,80:BC:37:0C:47:E0,"Advantage Club Technologies Inc,",8da9e96e-f412-4bdf-aeac-7bf6e85f3252,1.7072E+12,Connect,5 GHz,-61,27,0.298363686,9.578262329,9.876626015
05-11-2023 18:54,80:BC:37:0C:4B:80,Jain Kanakpura,83d14bd4-ca67-4ab4-b946-42a15693e1dc,1.7072E+12,Connect,2.4 GHz,-55,30,1.343406677,26.82758045,28.17098713
05-11-2023 18:54,80:BC:37:0C:4D:B0,NSE BKC,df4aacb2-7862-4e10-bc86-98d1e1a68d0f,1.7072E+12,Connect,2.4 GHz,-75,13,17.53530025,63.9579401,81.49324036
05-11-2023 18:54,80:BC:37:0C:51:30,"Advantage Club Technologies Inc,",8da9e96e-f412-4bdf-aeac-7bf6e85f3252,1.7072E+12,Connect,5 GHz,-67.75,21.25,60.29497814,1839.877067,1900.172045
05-11-2023 18:54,80:BC:37:0C:52:B0,NSE BKC,df4aacb2-7862-4e10-bc86-98d1e1a68d0f,1.7072E+12,Connect,2.4 GHz,-81,11,3.475009918,136.2359581,139.710968
05-11-2023 18:54,80:BC:37:0C:56:A0,NSE BKC,df4aacb2-7862-4e10-bc86-98d1e1a68d0f,1.7072E+12,Connect,5 GHz,-66,27,94.65842056,691.6638212,786.3222418
05-11-2023 18:54,80:BC:37:0C:66:50,Jain Kanakpura,83d14bd4-ca67-4ab4-b946-42a15693e1dc,1.7072E+12,Connect,5 GHz,-82,9,0.000144958,0.011184692,0.011329651
05-11-2023 18:54,80:BC:37:0C:CE:80,"Advantage Club Technologies Inc,",8da9e96e-f412-4bdf-aeac-7bf6e85f3252,1.7072E+12,Connect,2.4 GHz,-81,4,0.00290966,146.9608278,146.9637375
05-11-2023 18:54,80:BC:37:0C:CE:80,"Advantage Club Technologies Inc,",8da9e96e-f412-4bdf-aeac-7bf6e85f3252,1.7072E+12,Connect,5 GHz,-51,39,99.32088947,700.6667051,799.9875946
05-11-2023 18:54,80:BC:37:0C:D7:10,Jain Kanakpura,83d14bd4-ca67-4ab4-b946-42a15693e1dc,1.7072E+12,Connect,5 GHz,-85,7,2.67E-05,0.000120163,0.000146866
05-11-2023 18:54,80:BC:37:0C:DD:30,NSE BKC,df4aacb2-7862-4e10-bc86-98d1e1a68d0f,1.7072E+12,Connect,2.4 GHz,-69,25,0.028201103,42.32859898,42.35680008
05-11-2023 18:54,80:BC:37:0C:E3:20,Jain Kanakpura,83d14bd4-ca67-4ab4-b946-42a15693e1dc,1.7072E+12,Connect,2.4 GHz,-53,34,1.108056068,67.62614346,68.73419952
05-11-2023 18:54,80:BC:37:0C:EF:B0,Jain Kanakpura,83d14bd4-ca67-4ab4-b946-42a15693e1dc,1.7072E+12,Connect,2.4 GHz,-73,16,0.05799675,26.66199303,26.71998978
05-11-2023 18:54,80:BC:37:0C:F3:30,Jain Kanakpura,83d14bd4-ca67-4ab4-b946-42a15693e1dc,1.7072E+12,Connect,2.4 GHz,-83,6,0,0,0
05-11-2023 19:00,80:03:84:19:D8:60,PN International,e39246bd-e182-48ac-b5fd-6850953f839d,1.7072E+12,Connect,2.4 GHz,-59.83333333,23.16666667,37.93289661,332.3809538,370.3138504
05-11-2023 19:00,80:03:84:19:D8:60,PN International,e39246bd-e182-48ac-b5fd-6850953f839d,1.7072E+12,Connect,5 GHz,-78.33333333,11.66666667,12.39676189,86.74114037,99.13790226
05-11-2023 19:00,80:BC:37:04:E4:A0,Grand Venice Mall,d8a1e2d2-1a9d-46ed-81b0-4068a7b3d56a,1.7072E+12,Connect,2.4 GHz,-67,19,0.03241539,0.878182411,0.910597801
05-11-2023 19:00,80:BC:37:04:E8:40,Grand Venice Mall,d8a1e2d2-1a9d-46ed-81b0-4068a7b3d56a,1.7072E+12,Connect,5 GHz,-76.5,14.5,0.048225403,0.499706268,0.547931671
05-11-2023 19:00,80:BC:37:04:E9:10,Grand Venice Mall,d8a1e2d2-1a9d-46ed-81b0-4068a7b3d56a,1.7072E+12,Connect,5 GHz,-72,18,0.014307022,0.016571999,0.030879021
05-11-2023 19:00,80:BC:37:06:CB:40,Grand Venice Mall,d8a1e2d2-1a9d-46ed-81b0-4068a7b3d56a,1.7072E+12,Connect,5 GHz,0,0,0,0,0
05-11-2023 19:00,80:BC:37:0B:9C:C0,"Advantage Club Technologies Inc,",8da9e96e-f412-4bdf-aeac-7bf6e85f3252,1.7072E+12,Connect,2.4 GHz,-86,0,0,52.29436493,52.29436493
05-11-2023 19:00,80:BC:37:0B:AB:E0,NSE BKC,df4aacb2-7862-4e10-bc86-98d1e1a68d0f,1.7072E+12,Connect,2.4 GHz,-74.5,13.5,3.245065689,65.48068428,68.72574997
05-11-2023 19:00,80:BC:37:0B:C5:60,Jain Kanakpura,83d14bd4-ca67-4ab4-b946-42a15693e1dc,1.7072E+12,Connect,2.4 GHz,-56.66666667,31.33333333,6.732064247,169.4582205,176.1902847
05-11-2023 19:00,80:BC:37:0B:C9:70,"Advantage Club Technologies Inc,",8da9e96e-f412-4bdf-aeac-7bf6e85f3252,1.7072E+12,Connect,5 GHz,-54,36,0.793075562,5.265211105,6.058286667
05-11-2023 19:00,80:BC:37:0B:CA:70,AWP ASSISTANCE (INDIA) PVT LTD,2a03eba7-e589-4c28-9ccc-6b940d48bcca,1.7072E+12,Connect,5 GHz,-51,39,398.618145,2177.650058,2576.268203
05-11-2023 19:00,80:BC:37:0B:CE:B0,Jain Kanakpura,83d14bd4-ca67-4ab4-b946-42a15693e1dc,1.7072E+12,Connect,2.4 GHz,-53,34,0.285926819,682.9265995,683.2125263
05-11-2023 19:00,80:BC:37:0B:F3:30,Jain Kanakpura,83d14bd4-ca67-4ab4-b946-42a15693e1dc,1.7072E+12,Connect,2.4 GHz,-63,24,0.3828125,159.5061493,159.8889618
05-11-2023 19:00,80:BC:37:0B:FF:10,NSE BKC,df4aacb2-7862-4e10-bc86-98d1e1a68d0f,1.7072E+12,Connect,2.4 GHz,-81,9,0.00375843,0.157319069,0.161077499
05-11-2023 19:00,80:BC:37:0C:04:10,"Advantage Club Technologies Inc,",8da9e96e-f412-4bdf-aeac-7bf6e85f3252,1.7072E+12,Connect,2.4 GHz,-56,31,5.822096825,155.5602674,161.3823643
05-11-2023 19:00,80:BC:37:0C:04:10,"Advantage Club Technologies Inc,",8da9e96e-f412-4bdf-aeac-7bf6e85f3252,1.7072E+12,Connect,5 GHz,-57,30,73.80263042,230.98174,304.7843704
05-11-2023 19:00,80:BC:37:0C:07:A0,"Advantage Club Technologies Inc,",8da9e96e-f412-4bdf-aeac-7bf6e85f3252,1.7072E+12,Connect,2.4 GHz,-80,6,0,118.5577698,118.5577698
05-11-2023 19:00,80:BC:37:0C:07:A0,"Advantage Club Technologies Inc,",8da9e96e-f412-4bdf-aeac-7bf6e85f3252,1.7072E+12,Connect,5 GHz,-53.5,36.5,11.64448643,44.2694931,55.91397953
05-11-2023 19:00,80:BC:37:0C:22:F0,"Advantage Club Technologies Inc,",8da9e96e-f412-4bdf-aeac-7bf6e85f3252,1.7072E+12,Connect,2.4 GHz,-79,2,0,0.895799637,0.895799637
05-11-2023 19:00,80:BC:37:0C:22:F0,"Advantage Club Technologies Inc,",8da9e96e-f412-4bdf-aeac-7bf6e85f3252,1.7072E+12,Connect,5 GHz,-61,28,3.980892181,237.4560776,241.4369698
05-11-2023 19:00,80:BC:37:0C:28:F0,Jain Kanakpura,83d14bd4-ca67-4ab4-b946-42a15693e1dc,1.7072E+12,Connect,2.4 GHz,-74,14,0.007258415,14.49498844,14.50224686
05-11-2023 19:00,80:BC:37:0C:32:B0,"Advantage Club Technologies Inc,",8da9e96e-f412-4bdf-aeac-7bf6e85f3252,1.7072E+12,Connect,2.4 GHz,-78.5,4.5,0,1119.906793,1119.906793
05-11-2023 19:00,80:BC:37:0C:32:B0,"Advantage Club Technologies Inc,",8da9e96e-f412-4bdf-aeac-7bf6e85f3252,1.7072E+12,Connect,5 GHz,-55.66666667,33.33333333,84.50669003,514.1293373,598.6360273
05-11-2023 19:00,80:BC:37:0C:3C:90,NSE BKC,df4aacb2-7862-4e10-bc86-98d1e1a68d0f,1.7072E+12,Connect,5 GHz,-63.33333333,27.66666667,24.46918106,503.1829929,527.652174
05-11-2023 19:00,80:BC:37:0C:42:70,NSE BKC,df4aacb2-7862-4e10-bc86-98d1e1a68d0f,1.7072E+12,Connect,2.4 GHz,-71,16,20.5993557,23.51578903,44.11514473
05-11-2023 19:00,80:BC:37:0C:42:70,NSE BKC,df4aacb2-7862-4e10-bc86-98d1e1a68d0f,1.7072E+12,Connect,5 GHz,-68.66666667,22.33333333,179.8331947,1380.986402,1560.819596
05-11-2023 19:00,80:BC:37:0C:42:B0,NSE BKC,df4aacb2-7862-4e10-bc86-98d1e1a68d0f,1.7072E+12,Connect,5 GHz,-57,35,11.6685257,55.46718311,67.13570881
05-11-2023 19:00,80:BC:37:0C:47:E0,"Advantage Club Technologies Inc,",8da9e96e-f412-4bdf-aeac-7bf6e85f3252,1.7072E+12,Connect,5 GHz,-61,27,0.298363686,9.730103493,10.02846718
05-11-2023 19:00,80:BC:37:0C:4B:80,Jain Kanakpura,83d14bd4-ca67-4ab4-b946-42a15693e1dc,1.7072E+12,Connect,2.4 GHz,-57,30,1.383793831,29.2595768,30.64337063
05-11-2023 19:00,80:BC:37:0C:4D:B0,NSE BKC,df4aacb2-7862-4e10-bc86-98d1e1a68d0f,1.7072E+12,Connect,2.4 GHz,-37,7,17.649827,64.37042999,82.020257
05-11-2023 19:00,80:BC:37:0C:51:30,"Advantage Club Technologies Inc,",8da9e96e-f412-4bdf-aeac-7bf6e85f3252,1.7072E+12,Connect,2.4 GHz,-77,7,0,0.001749039,0.001749039
05-11-2023 19:00,80:BC:37:0C:51:30,"Advantage Club Technologies Inc,",8da9e96e-f412-4bdf-aeac-7bf6e85f3252,1.7072E+12,Connect,5 GHz,-56.66666667,32.33333333,58.92116928,1821.122942,1880.044111
05-11-2023 19:00,80:BC:37:0C:52:B0,NSE BKC,df4aacb2-7862-4e10-bc86-98d1e1a68d0f,1.7072E+12,Connect,2.4 GHz,-82,10,4.309231758,211.0779924,215.3872242
05-11-2023 19:00,80:BC:37:0C:56:A0,NSE BKC,df4aacb2-7862-4e10-bc86-98d1e1a68d0f,1.7072E+12,Connect,5 GHz,-66,27,94.65842056,691.9855499,786.6439705
05-11-2023 19:00,80:BC:37:0C:CE:80,"Advantage Club Technologies Inc,",8da9e96e-f412-4bdf-aeac-7bf6e85f3252,1.7072E+12,Connect,2.4 GHz,-81,4,0.00290966,146.9608278,146.9637375
05-11-2023 19:00,80:BC:37:0C:CE:80,"Advantage Club Technologies Inc,",8da9e96e-f412-4bdf-aeac-7bf6e85f3252,1.7072E+12,Connect,5 GHz,-54.33333333,35.66666667,101.4365616,909.6899538,1011.126515
05-11-2023 19:00,80:BC:37:0C:D7:10,Jain Kanakpura,83d14bd4-ca67-4ab4-b946-42a15693e1dc,1.7072E+12,Connect,2.4 GHz,-68,21,0.001344681,0.000320435,0.001665115
05-11-2023 19:00,80:BC:37:0C:DD:30,NSE BKC,df4aacb2-7862-4e10-bc86-98d1e1a68d0f,1.7072E+12,Connect,2.4 GHz,-69,25,0.028834343,42.64837837,42.67721272
05-11-2023 19:00,80:BC:37:0C:E3:20,Jain Kanakpura,83d14bd4-ca67-4ab4-b946-42a15693e1dc,1.7072E+12,Connect,2.4 GHz,-52,35,0.045636177,1.579892159,1.625528336
05-11-2023 19:00,80:BC:37:0C:E3:20,Jain Kanakpura,83d14bd4-ca67-4ab4-b946-42a15693e1dc,1.7072E+12,Connect,5 GHz,-62,30,0.044172287,26.66417885,26.70835114
05-11-2023 19:00,80:BC:37:0C:EF:B0,Jain Kanakpura,83d14bd4-ca67-4ab4-b946-42a15693e1dc,1.7072E+12,Connect,2.4 GHz,-74,15,0.0670681,53.45209599,53.51916409
05-11-2023 19:06,80:03:84:19:D8:60,PN International,e39246bd-e182-48ac-b5fd-6850953f839d,1.7072E+12,Connect,2.4 GHz,-60,23,38.05546951,332.4664116,370.5218811
05-11-2023 19:06,80:03:84:19:D8:60,PN International,e39246bd-e182-48ac-b5fd-6850953f839d,1.7072E+12,Connect,5 GHz,-77.83333333,12.16666667,12.49653625,86.84334564,99.3398819
05-11-2023 19:06,80:BC:37:04:E4:A0,Grand Venice Mall,d8a1e2d2-1a9d-46ed-81b0-4068a7b3d56a,1.7072E+12,Connect,2.4 GHz,-67,19,0.03241539,0.948691368,0.981106758
05-11-2023 19:06,80:BC:37:04:E8:40,Grand Venice Mall,d8a1e2d2-1a9d-46ed-81b0-4068a7b3d56a,1.7072E+12,Connect,5 GHz,-72,19,0.274571419,0.726670265,1.001241684
05-11-2023 19:06,80:BC:37:06:E4:70,Grand Venice Mall,d8a1e2d2-1a9d-46ed-81b0-4068a7b3d56a,1.7072E+12,Connect,5 GHz,0,0,0,0,0
05-11-2023 19:06,80:BC:37:0B:9C:C0,"Advantage Club Technologies Inc,",8da9e96e-f412-4bdf-aeac-7bf6e85f3252,1.7072E+12,Connect,2.4 GHz,-86,0,0,52.47205448,52.47205448
05-11-2023 19:06,80:BC:37:0B:AB:E0,NSE BKC,df4aacb2-7862-4e10-bc86-98d1e1a68d0f,1.7072E+12,Connect,2.4 GHz,-70,18,1.258448601,21.55790234,22.81635094
05-11-2023 19:06,80:BC:37:0B:BA:40,NSE BKC,df4aacb2-7862-4e10-bc86-98d1e1a68d0f,1.7072E+12,Connect,2.4 GHz,-73,15,0.774824142,15.85940552,16.63422966
05-11-2023 19:06,80:BC:37:0B:C5:60,Jain Kanakpura,83d14bd4-ca67-4ab4-b946-42a15693e1dc,1.7072E+12,Connect,2.4 GHz,-70,18,5.321393967,61.73976707,67.06116104
05-11-2023 19:06,80:BC:37:0B:CA:70,AWP ASSISTANCE (INDIA) PVT LTD,2a03eba7-e589-4c28-9ccc-6b940d48bcca,1.7072E+12,Connect,5 GHz,-50.75,39.25,404.290988,2249.743773,2654.034761
05-11-2023 19:06,80:BC:37:0B:CE:B0,Jain Kanakpura,83d14bd4-ca67-4ab4-b946-42a15693e1dc,1.7072E+12,Connect,2.4 GHz,-50,37,0.405407906,709.2578449,709.6632528
05-11-2023 19:06,80:BC:37:0B:DE:90,Jain Kanakpura,83d14bd4-ca67-4ab4-b946-42a15693e1dc,1.7072E+12,Connect,2.4 GHz,-65,22,0.208210945,10.76888466,10.9770956
05-11-2023 19:06,80:BC:37:0B:F7:80,Infosys BPM Limited,208f6e09-ff7d-4098-910d-f710b790f35c,1.7072E+12,Connect,2.4 GHz,0,0,0,0,0
05-11-2023 19:06,80:BC:37:0B:FF:10,NSE BKC,df4aacb2-7862-4e10-bc86-98d1e1a68d0f,1.7072E+12,Connect,2.4 GHz,-78,12,0.009086609,0.450095177,0.459181786
05-11-2023 19:06,80:BC:37:0C:04:10,"Advantage Club Technologies Inc,",8da9e96e-f412-4bdf-aeac-7bf6e85f3252,1.7072E+12,Connect,2.4 GHz,-48,39,6.931808472,157.2828093,164.2146177
05-11-2023 19:06,80:BC:37:0C:04:10,"Advantage Club Technologies Inc,",8da9e96e-f412-4bdf-aeac-7bf6e85f3252,1.7072E+12,Connect,5 GHz,-57,30,73.80587292,230.9886751,304.794548
05-11-2023 19:06,80:BC:37:0C:07:A0,"Advantage Club Technologies Inc,",8da9e96e-f412-4bdf-aeac-7bf6e85f3252,1.7072E+12,Connect,2.4 GHz,-80,6,0,118.5798674,118.5798674
05-11-2023 19:06,80:BC:37:0C:07:A0,"Advantage Club Technologies Inc,",8da9e96e-f412-4bdf-aeac-7bf6e85f3252,1.7072E+12,Connect,5 GHz,-60.5,29.5,12.08513069,45.26510429,57.35023499
05-11-2023 19:06,80:BC:37:0C:22:F0,"Advantage Club Technologies Inc,",8da9e96e-f412-4bdf-aeac-7bf6e85f3252,1.7072E+12,Connect,2.4 GHz,-79,2,0,0.895799637,0.895799637
05-11-2023 19:06,80:BC:37:0C:22:F0,"Advantage Club Technologies Inc,",8da9e96e-f412-4bdf-aeac-7bf6e85f3252,1.7072E+12,Connect,5 GHz,-64,25,4.019025803,237.6900024,241.7090282
05-11-2023 19:06,80:BC:37:0C:27:70,Jain Kanakpura,83d14bd4-ca67-4ab4-b946-42a15693e1dc,1.7072E+12,Connect,2.4 GHz,-57,32,0.255133629,16.94968891,17.20482254
05-11-2023 19:06,80:BC:37:0C:32:B0,"Advantage Club Technologies Inc,",8da9e96e-f412-4bdf-aeac-7bf6e85f3252,1.7072E+12,Connect,2.4 GHz,-78.5,4.5,0,1119.907685,1119.907685
05-11-2023 19:06,80:BC:37:0C:32:B0,"Advantage Club Technologies Inc,",8da9e96e-f412-4bdf-aeac-7bf6e85f3252,1.7072E+12,Connect,5 GHz,-51.5,37.5,84.70057011,514.3521891,599.0527592
05-11-2023 19:06,80:BC:37:0C:3C:90,NSE BKC,df4aacb2-7862-4e10-bc86-98d1e1a68d0f,1.7072E+12,Connect,5 GHz,-63.33333333,27.66666667,31.15794563,643.8109226,674.9688683
05-11-2023 19:06,80:BC:37:0C:42:70,NSE BKC,df4aacb2-7862-4e10-bc86-98d1e1a68d0f,1.7072E+12,Connect,2.4 GHz,-72,15,20.72806644,23.81747532,44.54554176
05-11-2023 19:06,80:BC:37:0C:42:70,NSE BKC,df4aacb2-7862-4e10-bc86-98d1e1a68d0f,1.7072E+12,Connect,5 GHz,-72,19,181.5455542,1434.467769,1616.013323
05-11-2023 19:06,80:BC:37:0C:42:B0,NSE BKC,df4aacb2-7862-4e10-bc86-98d1e1a68d0f,1.7072E+12,Connect,5 GHz,-51,41,11.71495819,55.7942152,67.50917339
05-11-2023 19:06,80:BC:37:0C:47:E0,"Advantage Club Technologies Inc,",8da9e96e-f412-4bdf-aeac-7bf6e85f3252,1.7072E+12,Connect,5 GHz,-62,26,0.299711227,9.919539452,10.21925068
05-11-2023 19:06,80:BC:37:0C:4D:B0,NSE BKC,df4aacb2-7862-4e10-bc86-98d1e1a68d0f,1.7072E+12,Connect,2.4 GHz,-74,14,17.76610279,64.75634956,82.52245235
05-11-2023 19:06,80:BC:37:0C:51:30,"Advantage Club Technologies Inc,",8da9e96e-f412-4bdf-aeac-7bf6e85f3252,1.7072E+12,Connect,2.4 GHz,-77,7,0,0.001749039,0.001749039
05-11-2023 19:06,80:BC:37:0C:51:30,"Advantage Club Technologies Inc,",8da9e96e-f412-4bdf-aeac-7bf6e85f3252,1.7072E+12,Connect,5 GHz,-59.5,29.5,58.32590866,1813.783191,1872.109099
05-11-2023 19:06,80:BC:37:0C:52:B0,NSE BKC,df4aacb2-7862-4e10-bc86-98d1e1a68d0f,1.7072E+12,Connect,2.4 GHz,-81,11,4.974754333,274.1091537,279.0839081
05-11-2023 19:06,80:BC:37:0C:56:A0,NSE BKC,df4aacb2-7862-4e10-bc86-98d1e1a68d0f,1.7072E+12,Connect,5 GHz,-66,27,94.65842056,692.2799006,786.9383211
05-11-2023 19:06,80:BC:37:0C:66:50,Jain Kanakpura,83d14bd4-ca67-4ab4-b946-42a15693e1dc,1.7072E+12,Connect,2.4 GHz,-69,20,0,0,0
05-11-2023 19:06,80:BC:37:0C:CE:80,"Advantage Club Technologies Inc,",8da9e96e-f412-4bdf-aeac-7bf6e85f3252,1.7072E+12,Connect,2.4 GHz,-81,4,0.00290966,146.9617205,146.9646301
05-11-2023 19:06,80:BC:37:0C:CE:80,"Advantage Club Technologies Inc,",8da9e96e-f412-4bdf-aeac-7bf6e85f3252,1.7072E+12,Connect,5 GHz,-50.33333333,39.66666667,103.6948833,1026.605869,1130.300753
05-11-2023 19:06,80:BC:37:0C:DD:30,NSE BKC,df4aacb2-7862-4e10-bc86-98d1e1a68d0f,1.7072E+12,Connect,2.4 GHz,-69,25,0.029150963,42.93818951,42.96734047
05-11-2023 19:06,80:BC:37:0C:E3:20,Jain Kanakpura,83d14bd4-ca67-4ab4-b946-42a15693e1dc,1.7072E+12,Connect,2.4 GHz,-49,38,1.952465057,71.3656435,73.31810856
05-11-2023 19:06,80:BC:37:0C:E3:20,Jain Kanakpura,83d14bd4-ca67-4ab4-b946-42a15693e1dc,1.7072E+12,Connect,5 GHz,-64,28,0.067724228,52.88241005,52.95013428
05-11-2023 19:06,80:BC:37:0C:EF:B0,Jain Kanakpura,83d14bd4-ca67-4ab4-b946-42a15693e1dc,1.7072E+12,Connect,2.4 GHz,-76,13,0.106344223,79.80153179,79.90787601
05-11-2023 19:06,80:BC:37:0C:F2:70,Jain Kanakpura,83d14bd4-ca67-4ab4-b946-42a15693e1dc,1.7072E+12,Connect,2.4 GHz,-76,12,3.081015587,100.9892988,104.0703144
05-11-2023 19:12,80:03:84:19:D8:60,PN International,e39246bd-e182-48ac-b5fd-6850953f839d,1.7072E+12,Connect,2.4 GHz,-59.66666667,23.33333333,38.17745018,332.5412121,370.7186623
05-11-2023 19:12,80:03:84:19:D8:60,PN International,e39246bd-e182-48ac-b5fd-6850953f839d,1.7072E+12,Connect,5 GHz,-76,14,11.9452467,85.52271843,97.46796513
05-11-2023 19:12,80:BC:37:04:E4:A0,Grand Venice Mall,d8a1e2d2-1a9d-46ed-81b0-4068a7b3d56a,1.7072E+12,Connect,2.4 GHz,-68,18,0.032953262,1.01625061,1.049203873
05-11-2023 19:12,80:BC:37:04:E8:40,Grand Venice Mall,d8a1e2d2-1a9d-46ed-81b0-4068a7b3d56a,1.7072E+12,Connect,5 GHz,-25.33333333,5,0.034207344,0.382863998,0.417071342
05-11-2023 19:12,80:BC:37:06:CB:40,Grand Venice Mall,d8a1e2d2-1a9d-46ed-81b0-4068a7b3d56a,1.7072E+12,Connect,5 GHz,-72,18,2.67E-05,4.01E-05,6.68E-05
05-11-2023 19:12,80:BC:37:0B:9C:C0,"Advantage Club Technologies Inc,",8da9e96e-f412-4bdf-aeac-7bf6e85f3252,1.7072E+12,Connect,2.4 GHz,-86,0,0,52.66005039,52.66005039
05-11-2023 19:12,80:BC:37:0B:AB:E0,NSE BKC,df4aacb2-7862-4e10-bc86-98d1e1a68d0f,1.7072E+12,Connect,2.4 GHz,-71,17,1.326234818,22.64226627,23.96850109
05-11-2023 19:12,80:BC:37:0B:BA:40,NSE BKC,df4aacb2-7862-4e10-bc86-98d1e1a68d0f,1.7072E+12,Connect,2.4 GHz,-72,16,1.432929993,33.26861763,34.70154762
05-11-2023 19:12,80:BC:37:0B:CA:70,AWP ASSISTANCE (INDIA) PVT LTD,2a03eba7-e589-4c28-9ccc-6b940d48bcca,1.7072E+12,Connect,5 GHz,-49.625,40.375,406.223237,2261.298694,2667.521931
05-11-2023 19:12,80:BC:37:0B:CE:B0,Jain Kanakpura,83d14bd4-ca67-4ab4-b946-42a15693e1dc,1.7072E+12,Connect,2.4 GHz,-54,33,0.432136536,734.124732,734.5568686
05-11-2023 19:12,80:BC:37:0B:FF:10,NSE BKC,df4aacb2-7862-4e10-bc86-98d1e1a68d0f,1.7072E+12,Connect,2.4 GHz,-80,10,0.013978004,0.896666527,0.910644531
05-11-2023 19:12,80:BC:37:0C:04:10,"Advantage Club Technologies Inc,",8da9e96e-f412-4bdf-aeac-7bf6e85f3252,1.7072E+12,Connect,2.4 GHz,-58,29,6.97878933,157.5690079,164.5477972
05-11-2023 19:12,80:BC:37:0C:04:10,"Advantage Club Technologies Inc,",8da9e96e-f412-4bdf-aeac-7bf6e85f3252,1.7072E+12,Connect,5 GHz,-56,31,73.8068943,231.0017786,304.8086729
05-11-2023 19:12,80:BC:37:0C:07:A0,"Advantage Club Technologies Inc,",8da9e96e-f412-4bdf-aeac-7bf6e85f3252,1.7072E+12,Connect,2.4 GHz,-80,6,0,118.5866365,118.5866365
05-11-2023 19:12,80:BC:37:0C:07:A0,"Advantage Club Technologies Inc,",8da9e96e-f412-4bdf-aeac-7bf6e85f3252,1.7072E+12,Connect,5 GHz,-59,31,12.10962391,45.46716022,57.57678413
05-11-2023 19:12,80:BC:37:0C:22:F0,"Advantage Club Technologies Inc,",8da9e96e-f412-4bdf-aeac-7bf6e85f3252,1.7072E+12,Connect,2.4 GHz,-79,2,0,0.895799637,0.895799637
05-11-2023 19:12,80:BC:37:0C:22:F0,"Advantage Club Technologies Inc,",8da9e96e-f412-4bdf-aeac-7bf6e85f3252,1.7072E+12,Connect,5 GHz,-82,7,3.895815849,237.3719063,241.2677221
05-11-2023 19:12,80:BC:37:0C:32:B0,"Advantage Club Technologies Inc,",8da9e96e-f412-4bdf-aeac-7bf6e85f3252,1.7072E+12,Connect,2.4 GHz,-78.5,4.5,0,0,0
05-11-2023 19:12,80:BC:37:0C:32:B0,"Advantage Club Technologies Inc,",8da9e96e-f412-4bdf-aeac-7bf6e85f3252,1.7072E+12,Connect,5 GHz,-56,33,73.22022915,483.2236862,556.4439154
05-11-2023 19:12,80:BC:37:0C:3C:90,NSE BKC,df4aacb2-7862-4e10-bc86-98d1e1a68d0f,1.7072E+12,Connect,5 GHz,-65,26,38.45161819,797.1030111,835.5546293
05-11-2023 19:12,80:BC:37:0C:42:70,NSE BKC,df4aacb2-7862-4e10-bc86-98d1e1a68d0f,1.7072E+12,Connect,2.4 GHz,-73.33333333,13.66666667,21.31522942,33.71522427,55.03045368
05-11-2023 19:12,80:BC:37:0C:42:70,NSE BKC,df4aacb2-7862-4e10-bc86-98d1e1a68d0f,1.7072E+12,Connect,5 GHz,-73.66666667,17.33333333,183.4630909,1474.130418,1657.593509
05-11-2023 19:12,80:BC:37:0C:42:B0,NSE BKC,df4aacb2-7862-4e10-bc86-98d1e1a68d0f,1.7072E+12,Connect,5 GHz,-52,40,11.73653889,56.24070835,67.97724724
05-11-2023 19:12,80:BC:37:0C:47:E0,"Advantage Club Technologies Inc,",8da9e96e-f412-4bdf-aeac-7bf6e85f3252,1.7072E+12,Connect,5 GHz,-62,26,0.299711227,10.08922195,10.38893318
05-11-2023 19:12,80:BC:37:0C:4B:80,Jain Kanakpura,83d14bd4-ca67-4ab4-b946-42a15693e1dc,1.7072E+12,Connect,5 GHz,-60,37,0.000209808,0.000242233,0.000452042
05-11-2023 19:12,80:BC:37:0C:4D:B0,NSE BKC,df4aacb2-7862-4e10-bc86-98d1e1a68d0f,1.7072E+12,Connect,2.4 GHz,-74,14,17.88666058,65.2865572,83.17321777
05-11-2023 19:12,80:BC:37:0C:51:30,"Advantage Club Technologies Inc,",8da9e96e-f412-4bdf-aeac-7bf6e85f3252,1.7072E+12,Connect,2.4 GHz,-77,7,0,0.001749039,0.001749039
05-11-2023 19:12,80:BC:37:0C:51:30,"Advantage Club Technologies Inc,",8da9e96e-f412-4bdf-aeac-7bf6e85f3252,1.7072E+12,Connect,5 GHz,-59,30,58.34657669,1814.159646,1872.506223
05-11-2023 19:12,80:BC:37:0C:52:B0,NSE BKC,df4aacb2-7862-4e10-bc86-98d1e1a68d0f,1.7072E+12,Connect,5 GHz,-85,7,0.017996788,0.560525894,0.578522682
05-11-2023 19:12,80:BC:37:0C:56:A0,NSE BKC,df4aacb2-7862-4e10-bc86-98d1e1a68d0f,1.7072E+12,Connect,5 GHz,-66,27,94.65842056,692.5526752,787.2110958
05-11-2023 19:12,80:BC:37:0C:66:50,Jain Kanakpura,83d14bd4-ca67-4ab4-b946-42a15693e1dc,1.7072E+12,Connect,2.4 GHz,-61,26,0.991205215,37.1687088,38.15991402
05-11-2023 19:12,80:BC:37:0C:CE:80,"Advantage Club Technologies Inc,",8da9e96e-f412-4bdf-aeac-7bf6e85f3252,1.7072E+12,Connect,2.4 GHz,-81,4,0.00290966,146.9738522,146.9767618
05-11-2023 19:12,80:BC:37:0C:CE:80,"Advantage Club Technologies Inc,",8da9e96e-f412-4bdf-aeac-7bf6e85f3252,1.7072E+12,Connect,5 GHz,-51.33333333,38.66666667,106.317028,1161.065074,1267.382102
05-11-2023 19:12,80:BC:37:0C:DD:30,NSE BKC,df4aacb2-7862-4e10-bc86-98d1e1a68d0f,1.7072E+12,Connect,2.4 GHz,-69,25,0.029467583,43.38421249,43.41368008
05-11-2023 19:12,80:BC:37:0C:DF:D0,Jain Kanakpura,83d14bd4-ca67-4ab4-b946-42a15693e1dc,1.7072E+12,Connect,2.4 GHz,-60,27,0.111514091,9.866534233,9.978048325
05-11-2023 19:12,80:BC:37:0C:E0:A0,Jain Kanakpura,83d14bd4-ca67-4ab4-b946-42a15693e1dc,1.7072E+12,Connect,2.4 GHz,-66,20,0.887784958,17.63288021,18.52066517
05-11-2023 19:12,80:BC:37:0C:E3:20,Jain Kanakpura,83d14bd4-ca67-4ab4-b946-42a15693e1dc,1.7072E+12,Connect,2.4 GHz,-47,40,2.552408218,114.2083874,116.7607956
05-11-2023 19:12,80:BC:37:0C:E3:20,Jain Kanakpura,83d14bd4-ca67-4ab4-b946-42a15693e1dc,1.7072E+12,Connect,5 GHz,-64,28,0.082660675,77.73933601,77.82199669
05-11-2023 19:12,80:BC:37:0C:EF:B0,Jain Kanakpura,83d14bd4-ca67-4ab4-b946-42a15693e1dc,1.7072E+12,Connect,2.4 GHz,-78,11,0.131121635,104.7421427,104.8732643
05-11-2023 19:12,80:BC:37:0C:EF:F0,Jain Kanakpura,83d14bd4-ca67-4ab4-b946-42a15693e1dc,1.7072E+12,Connect,2.4 GHz,0,0,0,0,0
05-11-2023 19:12,80:BC:37:0C:F2:70,Jain Kanakpura,83d14bd4-ca67-4ab4-b946-42a15693e1dc,1.7072E+12,Connect,2.4 GHz,-74,14,6.776608467,248.7238808,255.5004892
05-11-2023 19:18,80:03:84:19:D8:60,PN International,e39246bd-e182-48ac-b5fd-6850953f839d,1.7072E+12,Connect,2.4 GHz,-60.16666667,22.83333333,38.3105135,332.6456881,370.9562016
05-11-2023 19:18,80:03:84:19:D8:60,PN International,e39246bd-e182-48ac-b5fd-6850953f839d,1.7072E+12,Connect,5 GHz,-77.83333333,12.16666667,12.05846596,85.69597054,97.75443649
05-11-2023 19:18,80:BC:37:04:E8:40,Grand Venice Mall,d8a1e2d2-1a9d-46ed-81b0-4068a7b3d56a,1.7072E+12,Connect,2.4 GHz,-63,22,2.67E-05,4.01E-05,6.68E-05
05-11-2023 19:18,80:BC:37:04:E8:40,Grand Venice Mall,d8a1e2d2-1a9d-46ed-81b0-4068a7b3d56a,1.7072E+12,Connect,5 GHz,-74,17,0.038778305,0.427900314,0.466678619
05-11-2023 19:18,80:BC:37:0B:9C:C0,"Advantage Club Technologies Inc,",8da9e96e-f412-4bdf-aeac-7bf6e85f3252,1.7072E+12,Connect,2.4 GHz,-86,0,0,52.85811996,52.85811996
05-11-2023 19:18,80:BC:37:0B:AB:E0,NSE BKC,df4aacb2-7862-4e10-bc86-98d1e1a68d0f,1.7072E+12,Connect,2.4 GHz,-68,20,1.664516449,35.13309479,36.79761124
05-11-2023 19:18,80:BC:37:0B:BA:40,NSE BKC,df4aacb2-7862-4e10-bc86-98d1e1a68d0f,1.7072E+12,Connect,2.4 GHz,-73,15,2.457730293,63.29171658,65.74944687
05-11-2023 19:18,80:BC:37:0B:CA:70,AWP ASSISTANCE (INDIA) PVT LTD,2a03eba7-e589-4c28-9ccc-6b940d48bcca,1.7072E+12,Connect,5 GHz,-49.125,40.875,407.4394608,2283.212425,2690.651886
05-11-2023 19:18,80:BC:37:0B:CE:B0,Jain Kanakpura,83d14bd4-ca67-4ab4-b946-42a15693e1dc,1.7072E+12,Connect,2.4 GHz,-51,36,0.444396973,757.7981586,758.2425556
05-11-2023 19:18,80:BC:37:0C:04:10,"Advantage Club Technologies Inc,",8da9e96e-f412-4bdf-aeac-7bf6e85f3252,1.7072E+12,Connect,2.4 GHz,-40,47,12.55929947,159.4282904,171.9875898
05-11-2023 19:18,80:BC:37:0C:04:10,"Advantage Club Technologies Inc,",8da9e96e-f412-4bdf-aeac-7bf6e85f3252,1.7072E+12,Connect,5 GHz,-28,15.5,73.8112936,231.020999,304.8322926
05-11-2023 19:18,80:BC:37:0C:07:A0,"Advantage Club Technologies Inc,",8da9e96e-f412-4bdf-aeac-7bf6e85f3252,1.7072E+12,Connect,2.4 GHz,-80,6,0,118.651783,118.651783
05-11-2023 19:18,80:BC:37:0C:07:A0,"Advantage Club Technologies Inc,",8da9e96e-f412-4bdf-aeac-7bf6e85f3252,1.7072E+12,Connect,5 GHz,-52.5,37.5,12.83724785,48.94822121,61.78546906
05-11-2023 19:18,80:BC:37:0C:22:F0,"Advantage Club Technologies Inc,",8da9e96e-f412-4bdf-aeac-7bf6e85f3252,1.7072E+12,Connect,2.4 GHz,-79,2,0,0.895799637,0.895799637
05-11-2023 19:18,80:BC:37:0C:28:F0,Jain Kanakpura,83d14bd4-ca67-4ab4-b946-42a15693e1dc,1.7072E+12,Connect,2.4 GHz,0,0,0,0,0
05-11-2023 19:18,80:BC:37:0C:32:B0,"Advantage Club Technologies Inc,",8da9e96e-f412-4bdf-aeac-7bf6e85f3252,1.7072E+12,Connect,2.4 GHz,-78.5,4.5,0,1119.931149,1119.931149
05-11-2023 19:18,80:BC:37:0C:32:B0,"Advantage Club Technologies Inc,",8da9e96e-f412-4bdf-aeac-7bf6e85f3252,1.7072E+12,Connect,5 GHz,-60,29,83.833251,503.9016428,587.7348938
05-11-2023 19:18,80:BC:37:0C:3C:90,NSE BKC,df4aacb2-7862-4e10-bc86-98d1e1a68d0f,1.7072E+12,Connect,5 GHz,-63.33333333,27.66666667,41.84036636,869.3299732,911.1703396
05-11-2023 19:18,80:BC:37:0C:42:70,NSE BKC,df4aacb2-7862-4e10-bc86-98d1e1a68d0f,1.7072E+12,Connect,2.4 GHz,-74,13,21.79924297,43.89909267,65.69833565
05-11-2023 19:18,80:BC:37:0C:42:70,NSE BKC,df4aacb2-7862-4e10-bc86-98d1e1a68d0f,1.7072E+12,Connect,5 GHz,-74,17,184.5839491,1495.249602,1679.833551
05-11-2023 19:18,80:BC:37:0C:42:B0,NSE BKC,df4aacb2-7862-4e10-bc86-98d1e1a68d0f,1.7072E+12,Connect,5 GHz,-51,41,11.75018406,56.45223522,68.20241928
05-11-2023 19:18,80:BC:37:0C:47:E0,"Advantage Club Technologies Inc,",8da9e96e-f412-4bdf-aeac-7bf6e85f3252,1.7072E+12,Connect,5 GHz,-62,26,0.299711227,10.19952679,10.49923801
05-11-2023 19:18,80:BC:37:0C:4D:B0,NSE BKC,df4aacb2-7862-4e10-bc86-98d1e1a68d0f,1.7072E+12,Connect,2.4 GHz,-74,14,17.95219994,65.55419827,83.5063982
05-11-2023 19:18,80:BC:37:0C:51:30,"Advantage Club Technologies Inc,",8da9e96e-f412-4bdf-aeac-7bf6e85f3252,1.7072E+12,Connect,2.4 GHz,-77,7,0,0.001749039,0.001749039
05-11-2023 19:18,80:BC:37:0C:51:30,"Advantage Club Technologies Inc,",8da9e96e-f412-4bdf-aeac-7bf6e85f3252,1.7072E+12,Connect,5 GHz,-59.5,29.5,58.37421417,1814.555289,1872.929503
05-11-2023 19:18,80:BC:37:0C:52:B0,NSE BKC,df4aacb2-7862-4e10-bc86-98d1e1a68d0f,1.7072E+12,Connect,2.4 GHz,-74,18,0,0,0
05-11-2023 19:18,80:BC:37:0C:56:A0,NSE BKC,df4aacb2-7862-4e10-bc86-98d1e1a68d0f,1.7072E+12,Connect,5 GHz,-66,27,94.65842056,692.9312115,787.589632
05-11-2023 19:18,80:BC:37:0C:66:50,Jain Kanakpura,83d14bd4-ca67-4ab4-b946-42a15693e1dc,1.7072E+12,Connect,2.4 GHz,-62,25,1.787691116,84.22008514,86.00777626
05-11-2023 19:18,80:BC:37:0C:CE:80,"Advantage Club Technologies Inc,",8da9e96e-f412-4bdf-aeac-7bf6e85f3252,1.7072E+12,Connect,2.4 GHz,-81,4,0.00290966,146.9849062,146.9878159
05-11-2023 19:18,80:BC:37:0C:CE:80,"Advantage Club Technologies Inc,",8da9e96e-f412-4bdf-aeac-7bf6e85f3252,1.7072E+12,Connect,5 GHz,-47.75,42.25,109.4768381,1296.729784,1406.206622
05-11-2023 19:18,80:BC:37:0C:DD:30,NSE BKC,df4aacb2-7862-4e10-bc86-98d1e1a68d0f,1.7072E+12,Connect,2.4 GHz,-69,25,0.029784203,43.75410843,43.78389263
05-11-2023 19:18,80:BC:37:0C:E0:A0,Jain Kanakpura,83d14bd4-ca67-4ab4-b946-42a15693e1dc,1.7072E+12,Connect,2.4 GHz,-63.5,22.5,2.341779709,138.5860023,140.9277821
05-11-2023 19:18,80:BC:37:0C:E3:20,Jain Kanakpura,83d14bd4-ca67-4ab4-b946-42a15693e1dc,1.7072E+12,Connect,5 GHz,-65,27,0.170427322,101.4349928,101.6054201
05-11-2023 19:18,80:BC:37:0C:F2:70,Jain Kanakpura,83d14bd4-ca67-4ab4-b946-42a15693e1dc,1.7072E+12,Connect,5 GHz,-82,6,4.96E-05,2.185879707,2.185929298
05-11-2023 19:24,80:03:84:19:D8:60,PN International,e39246bd-e182-48ac-b5fd-6850953f839d,1.7072E+12,Connect,2.4 GHz,-60.16666667,22.83333333,38.45526314,332.7643557,371.2196188
05-11-2023 19:24,80:03:84:19:D8:60,PN International,e39246bd-e182-48ac-b5fd-6850953f839d,1.7072E+12,Connect,5 GHz,-77.83333333,12.16666667,12.19549465,85.85962963,98.05512428
05-11-2023 19:24,80:BC:37:04:E8:40,Grand Venice Mall,d8a1e2d2-1a9d-46ed-81b0-4068a7b3d56a,1.7072E+12,Connect,2.4 GHz,-73,12,2.67E-05,4.01E-05,6.68E-05
05-11-2023 19:24,80:BC:37:04:E8:40,Grand Venice Mall,d8a1e2d2-1a9d-46ed-81b0-4068a7b3d56a,1.7072E+12,Connect,5 GHz,-72,19,0.042222977,0.485173225,0.527396202
05-11-2023 19:24,80:BC:37:0B:9C:C0,"Advantage Club Technologies Inc,",8da9e96e-f412-4bdf-aeac-7bf6e85f3252,1.7072E+12,Connect,2.4 GHz,-86,0,0,52.91881466,52.91881466
05-11-2023 19:24,80:BC:37:0B:BA:40,NSE BKC,df4aacb2-7862-4e10-bc86-98d1e1a68d0f,1.7072E+12,Connect,2.4 GHz,-73,15,3.061802864,81.21692753,84.27873039
05-11-2023 19:24,80:BC:37:0B:CA:70,AWP ASSISTANCE (INDIA) PVT LTD,2a03eba7-e589-4c28-9ccc-6b940d48bcca,1.7072E+12,Connect,5 GHz,-49.75,40.25,408.3985605,2311.859682,2720.258243
05-11-2023 19:24,80:BC:37:0B:CE:B0,Jain Kanakpura,83d14bd4-ca67-4ab4-b946-42a15693e1dc,1.7072E+12,Connect,2.4 GHz,-51,36,0.460178375,780.1721439,780.6323223
05-11-2023 19:24,80:BC:37:0C:04:10,"Advantage Club Technologies Inc,",8da9e96e-f412-4bdf-aeac-7bf6e85f3252,1.7072E+12,Connect,2.4 GHz,-40,47,13.1785593,160.0028439,173.1814032
05-11-2023 19:24,80:BC:37:0C:07:A0,"Advantage Club Technologies Inc,",8da9e96e-f412-4bdf-aeac-7bf6e85f3252,1.7072E+12,Connect,2.4 GHz,-80,6,0,118.6796074,118.6796074
05-11-2023 19:24,80:BC:37:0C:07:A0,"Advantage Club Technologies Inc,",8da9e96e-f412-4bdf-aeac-7bf6e85f3252,1.7072E+12,Connect,5 GHz,-54,36,13.72374725,51.32551289,65.04926014
05-11-2023 19:24,80:BC:37:0C:09:30,Jain Kanakpura,83d14bd4-ca67-4ab4-b946-42a15693e1dc,1.7072E+12,Connect,2.4 GHz,-63,24,3.162690163,112.6600275,115.8227177
05-11-2023 19:24,80:BC:37:0C:22:F0,"Advantage Club Technologies Inc,",8da9e96e-f412-4bdf-aeac-7bf6e85f3252,1.7072E+12,Connect,2.4 GHz,-79,2,0,0.895799637,0.895799637
05-11-2023 19:24,80:BC:37:0C:32:B0,"Advantage Club Technologies Inc,",8da9e96e-f412-4bdf-aeac-7bf6e85f3252,1.7072E+12,Connect,2.4 GHz,-78.5,4.5,0,1119.933751,1119.933751
05-11-2023 19:24,80:BC:37:0C:32:B0,"Advantage Club Technologies Inc,",8da9e96e-f412-4bdf-aeac-7bf6e85f3252,1.7072E+12,Connect,5 GHz,-62,27,84.30879593,504.5551262,588.8639221
05-11-2023 19:24,80:BC:37:0C:3C:90,NSE BKC,df4aacb2-7862-4e10-bc86-98d1e1a68d0f,1.7072E+12,Connect,5 GHz,-62.66666667,28.33333333,49.51595116,1019.311713,1068.827664
05-11-2023 19:24,80:BC:37:0C:42:70,NSE BKC,df4aacb2-7862-4e10-bc86-98d1e1a68d0f,1.7072E+12,Connect,2.4 GHz,-73.33333333,13.66666667,22.80712795,62.66628551,85.47341347
05-11-2023 19:24,80:BC:37:0C:42:70,NSE BKC,df4aacb2-7862-4e10-bc86-98d1e1a68d0f,1.7072E+12,Connect,5 GHz,-72.33333333,18.66666667,178.8018169,1371.696226,1550.498043
05-11-2023 19:24,80:BC:37:0C:42:B0,NSE BKC,df4aacb2-7862-4e10-bc86-98d1e1a68d0f,1.7072E+12,Connect,5 GHz,-51,41,11.77161217,56.76740932,68.53902149
05-11-2023 19:24,80:BC:37:0C:47:E0,"Advantage Club Technologies Inc,",8da9e96e-f412-4bdf-aeac-7bf6e85f3252,1.7072E+12,Connect,5 GHz,-62,26,0.299711227,10.36554623,10.66525745
05-11-2023 19:24,80:BC:37:0C:4D:B0,NSE BKC,df4aacb2-7862-4e10-bc86-98d1e1a68d0f,1.7072E+12,Connect,2.4 GHz,-75,13,18.0851202,65.96065331,84.04577351
05-11-2023 19:24,80:BC:37:0C:51:30,"Advantage Club Technologies Inc,",8da9e96e-f412-4bdf-aeac-7bf6e85f3252,1.7072E+12,Connect,2.4 GHz,-77,7,0,0.001749039,0.001749039
05-11-2023 19:24,80:BC:37:0C:51:30,"Advantage Club Technologies Inc,",8da9e96e-f412-4bdf-aeac-7bf6e85f3252,1.7072E+12,Connect,5 GHz,-58.5,30.5,58.39191818,1814.801181,1873.193099
05-11-2023 19:24,80:BC:37:0C:52:B0,NSE BKC,df4aacb2-7862-4e10-bc86-98d1e1a68d0f,1.7072E+12,Connect,5 GHz,-87,5,0.309283257,19.86547375,20.174757
05-11-2023 19:24,80:BC:37:0C:56:A0,NSE BKC,df4aacb2-7862-4e10-bc86-98d1e1a68d0f,1.7072E+12,Connect,5 GHz,-66,27,94.65842056,693.2458334,787.904254
05-11-2023 19:24,80:BC:37:0C:66:50,Jain Kanakpura,83d14bd4-ca67-4ab4-b946-42a15693e1dc,1.7072E+12,Connect,5 GHz,0,0,0,0,0
05-11-2023 19:24,80:BC:37:0C:CE:80,"Advantage Club Technologies Inc,",8da9e96e-f412-4bdf-aeac-7bf6e85f3252,1.7072E+12,Connect,2.4 GHz,-81,4,0.00290966,146.9875078,146.9904175
05-11-2023 19:24,80:BC:37:0C:CE:80,"Advantage Club Technologies Inc,",8da9e96e-f412-4bdf-aeac-7bf6e85f3252,1.7072E+12,Connect,5 GHz,-51.25,38.75,112.3433304,1430.748812,1543.092142
05-11-2023 19:24,80:BC:37:0C:DD:30,NSE BKC,df4aacb2-7862-4e10-bc86-98d1e1a68d0f,1.7072E+12,Connect,2.4 GHz,-69,25,0.029784203,44.06922913,44.09901333
05-11-2023 19:24,80:BC:37:0C:E3:20,Jain Kanakpura,83d14bd4-ca67-4ab4-b946-42a15693e1dc,1.7072E+12,Connect,2.4 GHz,-51,36,0.342382431,26.07375717,26.4161396
05-11-2023 19:24,80:BC:37:0C:E3:20,Jain Kanakpura,83d14bd4-ca67-4ab4-b946-42a15693e1dc,1.7072E+12,Connect,5 GHz,-66,26,0.22730732,124.0968189,124.3241262
05-11-2023 19:24,80:BC:37:0C:F2:70,Jain Kanakpura,83d14bd4-ca67-4ab4-b946-42a15693e1dc,1.7072E+12,Connect,2.4 GHz,-74,14,1.371834755,65.93379688,67.30563164
05-11-2023 19:30,80:03:84:19:D8:60,PN International,e39246bd-e182-48ac-b5fd-6850953f839d,1.7072E+12,Connect,2.4 GHz,-59.83333333,23.16666667,38.68106747,333.0889101,371.7699776
05-11-2023 19:30,80:03:84:19:D8:60,PN International,e39246bd-e182-48ac-b5fd-6850953f839d,1.7072E+12,Connect,5 GHz,-78,12,12.29182148,86.00614452,98.297966
05-11-2023 19:30,80:BC:37:04:E8:40,Grand Venice Mall,d8a1e2d2-1a9d-46ed-81b0-4068a7b3d56a,1.7072E+12,Connect,5 GHz,-76,15,0.047192574,0.560111046,0.607303619
05-11-2023 19:30,80:BC:37:06:CB:40,Grand Venice Mall,d8a1e2d2-1a9d-46ed-81b0-4068a7b3d56a,1.7072E+12,Connect,5 GHz,-75,15,0,0,0
05-11-2023 19:30,80:BC:37:0B:9C:C0,"Advantage Club Technologies Inc,",8da9e96e-f412-4bdf-aeac-7bf6e85f3252,1.7072E+12,Connect,2.4 GHz,-86,0,0,53.05695438,53.05695438
05-11-2023 19:30,80:BC:37:0B:CA:70,AWP ASSISTANCE (INDIA) PVT LTD,2a03eba7-e589-4c28-9ccc-6b940d48bcca,1.7072E+12,Connect,5 GHz,-49.75,40.25,409.3809004,2349.164472,2758.545372
05-11-2023 19:30,80:BC:37:0B:CE:B0,Jain Kanakpura,83d14bd4-ca67-4ab4-b946-42a15693e1dc,1.7072E+12,Connect,2.4 GHz,-52,35,0.460668564,802.7771807,803.2378492
05-11-2023 19:30,80:BC:37:0C:07:A0,"Advantage Club Technologies Inc,",8da9e96e-f412-4bdf-aeac-7bf6e85f3252,1.7072E+12,Connect,2.4 GHz,-80,6,0,118.695425,118.695425
05-11-2023 19:30,80:BC:37:0C:07:A0,"Advantage Club Technologies Inc,",8da9e96e-f412-4bdf-aeac-7bf6e85f3252,1.7072E+12,Connect,5 GHz,-55,35,13.80963516,51.9456625,65.75529766
05-11-2023 19:30,80:BC:37:0C:09:30,Jain Kanakpura,83d14bd4-ca67-4ab4-b946-42a15693e1dc,1.7072E+12,Connect,2.4 GHz,-42,45,0.500063896,15.44961929,15.94968319
05-11-2023 19:30,80:BC:37:0C:22:F0,"Advantage Club Technologies Inc,",8da9e96e-f412-4bdf-aeac-7bf6e85f3252,1.7072E+12,Connect,2.4 GHz,-79,2,0,0.895799637,0.895799637
05-11-2023 19:30,80:BC:37:0C:27:70,Jain Kanakpura,83d14bd4-ca67-4ab4-b946-42a15693e1dc,1.7072E+12,Connect,2.4 GHz,-77,12,0.036048889,31.91827297,31.95432186
05-11-2023 19:30,80:BC:37:0C:32:B0,"Advantage Club Technologies Inc,",8da9e96e-f412-4bdf-aeac-7bf6e85f3252,1.7072E+12,Connect,2.4 GHz,-78.5,4.5,0,1119.934112,1119.934112
05-11-2023 19:30,80:BC:37:0C:32:B0,"Advantage Club Technologies Inc,",8da9e96e-f412-4bdf-aeac-7bf6e85f3252,1.7072E+12,Connect,5 GHz,-60,29,84.74958515,507.1916208,591.941206
05-11-2023 19:30,80:BC:37:0C:3C:90,NSE BKC,df4aacb2-7862-4e10-bc86-98d1e1a68d0f,1.7072E+12,Connect,5 GHz,-71.5,19.5,57.05844688,1164.752408,1221.810855
05-11-2023 19:30,80:BC:37:0C:42:70,NSE BKC,df4aacb2-7862-4e10-bc86-98d1e1a68d0f,1.7072E+12,Connect,2.4 GHz,-76,11,23.59069061,81.05647945,104.6471701
05-11-2023 19:30,80:BC:37:0C:42:70,NSE BKC,df4aacb2-7862-4e10-bc86-98d1e1a68d0f,1.7072E+12,Connect,5 GHz,-62,29,179.8935814,1542.331182,1722.224763
05-11-2023 19:30,80:BC:37:0C:42:B0,NSE BKC,df4aacb2-7862-4e10-bc86-98d1e1a68d0f,1.7072E+12,Connect,5 GHz,-50,42,11.80026436,57.18296146,68.98322582
05-11-2023 19:30,80:BC:37:0C:47:E0,"Advantage Club Technologies Inc,",8da9e96e-f412-4bdf-aeac-7bf6e85f3252,1.7072E+12,Connect,5 GHz,-62,26,0.308449745,10.53021049,10.83866024
05-11-2023 19:30,80:BC:37:0C:4D:B0,NSE BKC,df4aacb2-7862-4e10-bc86-98d1e1a68d0f,1.7072E+12,Connect,2.4 GHz,-74,14,18.2018652,66.46190071,84.66376591
05-11-2023 19:30,80:BC:37:0C:51:30,"Advantage Club Technologies Inc,",8da9e96e-f412-4bdf-aeac-7bf6e85f3252,1.7072E+12,Connect,2.4 GHz,-77,7,0,0.001749039,0.001749039
05-11-2023 19:30,80:BC:37:0C:51:30,"Advantage Club Technologies Inc,",8da9e96e-f412-4bdf-aeac-7bf6e85f3252,1.7072E+12,Connect,5 GHz,-65.33333333,23.66666667,58.43208981,1815.211574,1873.643663
05-11-2023 19:30,80:BC:37:0C:52:B0,NSE BKC,df4aacb2-7862-4e10-bc86-98d1e1a68d0f,1.7072E+12,Connect,5 GHz,-88,4,0.981764793,69.53194237,70.51370716
05-11-2023 19:30,80:BC:37:0C:56:A0,NSE BKC,df4aacb2-7862-4e10-bc86-98d1e1a68d0f,1.7072E+12,Connect,5 GHz,-66,27,94.65842056,693.6721573,788.3305779
05-11-2023 19:30,80:BC:37:0C:CE:80,"Advantage Club Technologies Inc,",8da9e96e-f412-4bdf-aeac-7bf6e85f3252,1.7072E+12,Connect,2.4 GHz,-81,4,0.00290966,146.9878683,146.990778
05-11-2023 19:30,80:BC:37:0C:CE:80,"Advantage Club Technologies Inc,",8da9e96e-f412-4bdf-aeac-7bf6e85f3252,1.7072E+12,Connect,5 GHz,-50.75,39.25,115.0168171,1561.271855,1676.288672
05-11-2023 19:30,80:BC:37:0C:D7:10,Jain Kanakpura,83d14bd4-ca67-4ab4-b946-42a15693e1dc,1.7072E+12,Connect,2.4 GHz,-74,14,0.012145042,0.019337654,0.031482697
05-11-2023 19:30,80:BC:37:0C:DD:30,NSE BKC,df4aacb2-7862-4e10-bc86-98d1e1a68d0f,1.7072E+12,Connect,2.4 GHz,-69,25,0.030100822,44.49584484,44.52594566
05-11-2023 19:30,80:BC:37:0C:E3:20,Jain Kanakpura,83d14bd4-ca67-4ab4-b946-42a15693e1dc,1.7072E+12,Connect,2.4 GHz,-49,38,0.874713898,56.71201801,57.58673191
05-11-2023 19:30,80:BC:37:0C:E3:20,Jain Kanakpura,83d14bd4-ca67-4ab4-b946-42a15693e1dc,1.7072E+12,Connect,5 GHz,-65,27,0.2334795,146.6761169,146.9095964
05-11-2023 19:30,80:BC:37:0C:F2:70,Jain Kanakpura,83d14bd4-ca67-4ab4-b946-42a15693e1dc,1.7072E+12,Connect,2.4 GHz,-73,15,5.174682617,221.078866,226.2535486
